Time,A1,A2,A3,A4,A5,A6,A7,A8,A9,A10,A11,A12,B1,B2,B3,B4,B5,B6,B7,B8,B9,B10,B11,B12,C1,C2,C3,C4,C5,C6,C7,C8,C9,C10,C11,C12,D1,D2,D3,D4,D5,D6,D7,D8,D9,D10,D11,D12,E1,E2,E3,E4,E5,E6,E7,E8,E9,E10,E11,E12,F1,F2,F3,F4,F5,F6,F7,F8,F9,F10,F11,F12,G1,G2,G3,G4,G5,G6,G7,G8,G9,G10,G11,G12,H1,H2,H3,H4,H5,H6,H7,H8,H9,H10,H11,H12
0:14:10,0.09,0.093,0.092,0.092,0.09,0.092,0.091,0.092,0.087,0.089,0.087,0.087,0.095,0.141,0.771,0.093,0.779,0.147,0.093,0.093,0.088,0.089,0.088,0.085,0.094,0.948,0.093,0.746,0.093,0.493,0.135,0.091,0.088,0.089,0.088,0.087,0.096,0.093,1.112,0.147,0.697,0.139,0.644,0.092,0.09,0.089,0.09,0.088,0.094,0.093,0.173,0.094,0.152,0.091,0.146,0.095,0.089,0.091,0.09,0.088,0.094,0.093,0.094,0.094,0.093,0.094,0.091,0.092,0.089,0.089,0.089,0.088,0.088,0.089,0.086,0.089,0.086,0.088,0.089,0.087,0.087,0.088,0.088,0.089,0.086,0.088,0.09,0.088,0.087,0.087,0.088,0.085,0.089,0.093,0.087,0.085
0:29:10,0.09,0.093,0.092,0.091,0.089,0.091,0.091,0.091,0.087,0.089,0.087,0.086,0.095,0.141,0.775,0.093,0.77,0.144,0.093,0.093,0.088,0.089,0.088,0.085,0.094,0.915,0.093,0.71,0.093,0.488,0.138,0.091,0.088,0.089,0.088,0.087,0.095,0.093,1.103,0.145,0.724,0.141,0.654,0.092,0.09,0.089,0.09,0.088,0.093,0.093,0.148,0.094,0.147,0.091,0.15,0.095,0.089,0.091,0.09,0.088,0.093,0.093,0.094,0.094,0.093,0.094,0.091,0.092,0.089,0.089,0.089,0.088,0.087,0.089,0.086,0.089,0.086,0.088,0.089,0.087,0.087,0.088,0.088,0.089,0.086,0.088,0.09,0.088,0.087,0.087,0.088,0.085,0.089,0.092,0.087,0.085
0:44:10,0.09,0.093,0.092,0.091,0.089,0.091,0.091,0.091,0.087,0.089,0.087,0.086,0.095,0.139,0.661,0.093,0.769,0.141,0.093,0.093,0.088,0.089,0.088,0.085,0.093,0.906,0.093,0.704,0.093,0.499,0.137,0.091,0.087,0.088,0.088,0.087,0.095,0.092,1.071,0.143,0.702,0.137,0.637,0.092,0.09,0.089,0.089,0.088,0.093,0.093,0.143,0.094,0.143,0.091,0.146,0.095,0.089,0.09,0.09,0.088,0.093,0.093,0.094,0.094,0.093,0.094,0.091,0.092,0.089,0.089,0.089,0.088,0.087,0.089,0.086,0.089,0.085,0.088,0.089,0.087,0.087,0.088,0.088,0.089,0.086,0.087,0.09,0.088,0.087,0.087,0.088,0.085,0.089,0.092,0.087,0.085
0:59:10,0.09,0.093,0.092,0.091,0.089,0.091,0.091,0.091,0.087,0.089,0.087,0.086,0.095,0.137,0.646,0.093,0.718,0.143,0.093,0.093,0.088,0.089,0.088,0.085,0.093,0.885,0.093,0.677,0.093,0.492,0.136,0.091,0.087,0.088,0.088,0.087,0.095,0.092,1.067,0.143,0.695,0.149,0.671,0.092,0.09,0.089,0.089,0.088,0.093,0.093,0.139,0.094,0.14,0.09,0.144,0.095,0.089,0.09,0.09,0.088,0.093,0.093,0.094,0.094,0.092,0.093,0.091,0.092,0.089,0.089,0.089,0.088,0.087,0.088,0.086,0.088,0.085,0.087,0.089,0.086,0.087,0.088,0.088,0.089,0.086,0.087,0.09,0.088,0.087,0.087,0.088,0.085,0.089,0.092,0.087,0.085
1:14:10,0.09,0.093,0.092,0.091,0.089,0.091,0.091,0.091,0.087,0.089,0.087,0.086,0.095,0.137,0.646,0.093,0.726,0.143,0.093,0.093,0.088,0.089,0.088,0.085,0.093,0.883,0.093,0.66,0.093,0.568,0.14,0.091,0.087,0.088,0.088,0.087,0.095,0.092,1.046,0.144,0.662,0.134,0.683,0.092,0.09,0.089,0.089,0.088,0.093,0.093,0.139,0.094,0.142,0.091,0.145,0.095,0.089,0.09,0.09,0.088,0.093,0.093,0.094,0.094,0.093,0.094,0.091,0.092,0.089,0.089,0.089,0.088,0.087,0.089,0.086,0.089,0.085,0.088,0.089,0.087,0.087,0.088,0.088,0.089,0.086,0.087,0.09,0.088,0.087,0.087,0.088,0.085,0.089,0.092,0.087,0.085
1:29:10,0.09,0.093,0.092,0.091,0.089,0.091,0.091,0.091,0.087,0.089,0.087,0.086,0.095,0.136,0.633,0.093,0.727,0.146,0.093,0.093,0.088,0.089,0.088,0.085,0.093,0.901,0.093,0.643,0.093,0.513,0.141,0.091,0.088,0.088,0.088,0.087,0.095,0.092,1.041,0.142,0.663,0.135,0.685,0.092,0.09,0.089,0.089,0.088,0.093,0.093,0.139,0.094,0.141,0.091,0.144,0.095,0.089,0.09,0.09,0.088,0.093,0.093,0.094,0.094,0.093,0.094,0.091,0.092,0.089,0.089,0.089,0.088,0.087,0.089,0.086,0.089,0.085,0.088,0.089,0.087,0.087,0.088,0.088,0.089,0.086,0.087,0.09,0.088,0.087,0.087,0.088,0.085,0.089,0.092,0.087,0.085
1:44:10,0.09,0.093,0.092,0.091,0.089,0.091,0.091,0.091,0.087,0.089,0.087,0.086,0.095,0.136,0.613,0.093,0.69,0.144,0.093,0.093,0.088,0.089,0.088,0.085,0.093,0.865,0.093,0.723,0.093,0.507,0.141,0.091,0.088,0.088,0.088,0.087,0.095,0.092,1.052,0.148,0.646,0.135,0.689,0.092,0.09,0.089,0.089,0.088,0.093,0.093,0.138,0.094,0.141,0.091,0.142,0.095,0.089,0.09,0.09,0.088,0.093,0.093,0.094,0.094,0.093,0.094,0.091,0.092,0.089,0.089,0.089,0.088,0.087,0.089,0.086,0.089,0.086,0.088,0.089,0.087,0.087,0.088,0.088,0.089,0.086,0.088,0.09,0.088,0.087,0.087,0.088,0.085,0.089,0.092,0.087,0.085
1:59:10,0.09,0.093,0.092,0.091,0.089,0.091,0.091,0.091,0.087,0.089,0.087,0.086,0.095,0.136,0.63,0.093,0.679,0.146,0.093,0.093,0.088,0.089,0.088,0.085,0.093,0.855,0.093,0.639,0.093,0.484,0.14,0.091,0.087,0.088,0.088,0.087,0.095,0.092,1.063,0.141,0.668,0.134,0.694,0.092,0.09,0.089,0.089,0.088,0.093,0.093,0.138,0.094,0.141,0.09,0.142,0.095,0.089,0.09,0.09,0.088,0.093,0.093,0.094,0.094,0.092,0.093,0.091,0.092,0.089,0.089,0.089,0.088,0.087,0.089,0.086,0.088,0.085,0.087,0.089,0.086,0.087,0.088,0.088,0.089,0.086,0.087,0.09,0.088,0.087,0.087,0.088,0.085,0.089,0.092,0.087,0.085
2:14:10,0.09,0.093,0.092,0.091,0.089,0.091,0.091,0.091,0.087,0.089,0.087,0.086,0.095,0.145,0.638,0.093,0.65,0.144,0.093,0.093,0.088,0.089,0.088,0.085,0.093,0.857,0.093,0.637,0.093,0.522,0.14,0.091,0.087,0.088,0.088,0.087,0.095,0.092,1.074,0.142,0.668,0.135,0.656,0.092,0.09,0.089,0.089,0.088,0.093,0.093,0.141,0.094,0.141,0.09,0.143,0.095,0.089,0.09,0.09,0.088,0.093,0.093,0.094,0.094,0.092,0.093,0.091,0.092,0.089,0.089,0.089,0.088,0.087,0.088,0.086,0.088,0.085,0.088,0.089,0.087,0.087,0.088,0.088,0.089,0.086,0.087,0.09,0.088,0.087,0.087,0.088,0.085,0.089,0.092,0.087,0.085
2:29:10,0.09,0.093,0.092,0.091,0.089,0.091,0.091,0.091,0.087,0.089,0.087,0.086,0.095,0.136,0.624,0.093,0.662,0.143,0.093,0.093,0.088,0.089,0.088,0.085,0.093,0.864,0.093,0.633,0.093,0.494,0.14,0.091,0.088,0.088,0.088,0.087,0.095,0.092,1.064,0.14,0.647,0.135,0.686,0.092,0.09,0.089,0.089,0.088,0.093,0.093,0.138,0.094,0.142,0.091,0.143,0.095,0.089,0.09,0.09,0.088,0.093,0.093,0.094,0.094,0.093,0.094,0.091,0.092,0.089,0.089,0.089,0.088,0.087,0.089,0.086,0.089,0.085,0.088,0.089,0.087,0.087,0.088,0.088,0.089,0.086,0.087,0.09,0.088,0.087,0.087,0.088,0.085,0.089,0.092,0.087,0.085
2:44:10,0.09,0.093,0.092,0.091,0.089,0.091,0.091,0.091,0.087,0.089,0.087,0.086,0.095,0.138,0.631,0.093,0.676,0.146,0.093,0.093,0.088,0.089,0.088,0.085,0.093,0.858,0.093,0.639,0.093,0.496,0.142,0.091,0.087,0.088,0.088,0.087,0.095,0.092,1.064,0.142,0.668,0.149,0.679,0.092,0.09,0.089,0.089,0.088,0.093,0.093,0.138,0.094,0.16,0.091,0.145,0.095,0.089,0.09,0.09,0.088,0.093,0.093,0.094,0.094,0.092,0.093,0.091,0.092,0.089,0.089,0.089,0.088,0.087,0.089,0.086,0.089,0.085,0.087,0.089,0.087,0.087,0.088,0.088,0.089,0.086,0.087,0.09,0.088,0.087,0.087,0.088,0.085,0.089,0.092,0.087,0.085
2:59:10,0.09,0.093,0.092,0.091,0.089,0.091,0.091,0.091,0.087,0.089,0.087,0.086,0.095,0.138,0.65,0.093,0.662,0.149,0.093,0.093,0.088,0.089,0.088,0.085,0.093,0.877,0.093,0.66,0.093,0.476,0.143,0.091,0.087,0.088,0.088,0.087,0.095,0.092,1.072,0.142,0.676,0.137,0.684,0.092,0.09,0.089,0.089,0.088,0.093,0.093,0.145,0.094,0.161,0.091,0.145,0.095,0.089,0.09,0.09,0.088,0.093,0.093,0.094,0.094,0.093,0.093,0.091,0.092,0.089,0.089,0.089,0.088,0.087,0.088,0.086,0.089,0.085,0.087,0.089,0.087,0.087,0.088,0.088,0.089,0.086,0.087,0.09,0.088,0.087,0.087,0.088,0.085,0.089,0.092,0.087,0.085
3:14:10,0.089,0.093,0.092,0.091,0.089,0.091,0.091,0.091,0.087,0.089,0.087,0.086,0.095,0.141,0.662,0.093,0.676,0.147,0.093,0.093,0.088,0.089,0.088,0.085,0.093,0.881,0.093,0.675,0.093,0.481,0.142,0.091,0.087,0.088,0.088,0.087,0.095,0.093,1.067,0.142,0.658,0.139,0.691,0.092,0.09,0.089,0.089,0.088,0.093,0.093,0.145,0.094,0.176,0.09,0.144,0.095,0.089,0.09,0.09,0.088,0.093,0.093,0.094,0.094,0.092,0.093,0.091,0.092,0.089,0.089,0.089,0.088,0.087,0.089,0.086,0.089,0.085,0.088,0.089,0.087,0.087,0.088,0.088,0.089,0.086,0.087,0.09,0.088,0.087,0.087,0.088,0.085,0.089,0.092,0.087,0.085
3:29:10,0.09,0.093,0.092,0.091,0.089,0.091,0.091,0.091,0.087,0.089,0.087,0.086,0.095,0.143,0.664,0.093,0.685,0.147,0.093,0.093,0.088,0.089,0.088,0.085,0.093,0.887,0.093,0.699,0.093,0.482,0.142,0.091,0.087,0.088,0.088,0.087,0.095,0.093,1.075,0.144,0.657,0.14,0.699,0.092,0.09,0.089,0.089,0.088,0.093,0.093,0.143,0.094,0.177,0.091,0.147,0.095,0.089,0.09,0.09,0.088,0.093,0.093,0.094,0.094,0.092,0.093,0.091,0.092,0.089,0.089,0.089,0.088,0.087,0.088,0.086,0.088,0.085,0.087,0.089,0.087,0.086,0.088,0.088,0.089,0.086,0.087,0.09,0.088,0.087,0.087,0.088,0.085,0.089,0.092,0.087,0.085
3:44:10,0.09,0.093,0.092,0.091,0.089,0.091,0.091,0.091,0.087,0.089,0.087,0.086,0.095,0.164,0.686,0.093,0.689,0.149,0.093,0.093,0.088,0.089,0.088,0.085,0.093,0.897,0.093,0.67,0.093,0.465,0.143,0.091,0.087,0.088,0.088,0.087,0.095,0.093,1.078,0.147,0.676,0.144,0.703,0.092,0.09,0.089,0.089,0.088,0.093,0.093,0.169,0.094,0.181,0.091,0.149,0.095,0.089,0.09,0.09,0.088,0.093,0.093,0.094,0.094,0.092,0.094,0.091,0.092,0.089,0.089,0.089,0.088,0.087,0.089,0.086,0.089,0.085,0.088,0.089,0.087,0.087,0.088,0.088,0.089,0.086,0.087,0.09,0.088,0.087,0.087,0.088,0.085,0.089,0.092,0.087,0.085
3:59:10,0.09,0.093,0.092,0.091,0.089,0.091,0.091,0.091,0.087,0.089,0.087,0.086,0.095,0.149,0.708,0.093,0.7,0.152,0.093,0.093,0.088,0.089,0.088,0.085,0.093,0.908,0.094,0.683,0.093,0.479,0.15,0.091,0.088,0.088,0.088,0.087,0.095,0.093,1.094,0.15,0.678,0.148,0.692,0.092,0.09,0.089,0.089,0.088,0.093,0.093,0.217,0.094,0.169,0.091,0.154,0.095,0.089,0.09,0.09,0.088,0.093,0.093,0.094,0.094,0.092,0.093,0.091,0.092,0.089,0.089,0.089,0.088,0.087,0.088,0.086,0.089,0.085,0.088,0.089,0.087,0.087,0.088,0.088,0.089,0.086,0.087,0.09,0.088,0.087,0.087,0.088,0.085,0.089,0.092,0.087,0.085
4:14:10,0.09,0.093,0.092,0.091,0.089,0.091,0.091,0.091,0.087,0.089,0.087,0.086,0.095,0.155,0.713,0.093,0.697,0.157,0.093,0.093,0.088,0.089,0.088,0.085,0.093,0.919,0.094,0.696,0.093,0.478,0.152,0.091,0.088,0.088,0.088,0.087,0.095,0.093,1.088,0.156,0.676,0.156,0.682,0.092,0.09,0.089,0.089,0.088,0.093,0.094,0.159,0.094,0.176,0.091,0.162,0.095,0.089,0.09,0.09,0.088,0.093,0.093,0.094,0.094,0.092,0.093,0.091,0.092,0.089,0.089,0.089,0.088,0.087,0.089,0.086,0.089,0.085,0.087,0.089,0.087,0.087,0.088,0.088,0.089,0.086,0.087,0.09,0.088,0.087,0.087,0.088,0.085,0.089,0.092,0.087,0.085
4:29:10,0.09,0.093,0.092,0.091,0.089,0.091,0.091,0.091,0.087,0.089,0.087,0.086,0.095,0.166,0.716,0.093,0.717,0.163,0.093,0.093,0.088,0.089,0.088,0.085,0.093,0.9,0.094,0.726,0.093,0.481,0.16,0.091,0.087,0.088,0.088,0.087,0.095,0.093,1.102,0.166,0.695,0.166,0.705,0.092,0.09,0.089,0.089,0.088,0.093,0.094,0.164,0.094,0.182,0.091,0.168,0.095,0.089,0.09,0.09,0.088,0.093,0.093,0.094,0.094,0.092,0.093,0.091,0.092,0.089,0.089,0.089,0.088,0.087,0.089,0.086,0.089,0.085,0.088,0.089,0.087,0.087,0.088,0.088,0.089,0.086,0.087,0.09,0.088,0.087,0.087,0.088,0.085,0.089,0.092,0.087,0.085
4:44:10,0.09,0.093,0.092,0.091,0.089,0.091,0.091,0.091,0.087,0.089,0.087,0.086,0.095,0.174,0.73,0.093,0.717,0.171,0.094,0.093,0.088,0.089,0.088,0.085,0.093,0.907,0.094,0.703,0.093,0.495,0.169,0.091,0.088,0.088,0.088,0.087,0.095,0.093,1.097,0.176,0.697,0.176,0.711,0.092,0.09,0.089,0.089,0.088,0.093,0.094,0.298,0.095,0.189,0.091,0.174,0.095,0.089,0.09,0.09,0.088,0.093,0.093,0.094,0.094,0.093,0.093,0.091,0.092,0.089,0.089,0.089,0.088,0.087,0.088,0.086,0.089,0.085,0.088,0.089,0.087,0.087,0.088,0.088,0.089,0.086,0.087,0.09,0.088,0.087,0.087,0.088,0.085,0.089,0.092,0.087,0.085
4:59:10,0.09,0.093,0.092,0.091,0.089,0.091,0.091,0.091,0.087,0.089,0.087,0.086,0.095,0.181,0.734,0.094,0.721,0.182,0.094,0.093,0.088,0.089,0.088,0.085,0.093,0.916,0.095,0.702,0.094,0.485,0.181,0.091,0.087,0.088,0.088,0.087,0.095,0.094,1.104,0.188,0.72,0.184,0.699,0.092,0.09,0.089,0.089,0.088,0.093,0.094,0.185,0.095,0.198,0.091,0.184,0.095,0.089,0.09,0.09,0.088,0.093,0.093,0.094,0.094,0.093,0.093,0.091,0.092,0.089,0.089,0.089,0.088,0.087,0.088,0.086,0.089,0.085,0.088,0.089,0.087,0.087,0.088,0.088,0.089,0.086,0.087,0.09,0.088,0.087,0.087,0.088,0.085,0.089,0.092,0.087,0.085
5:14:10,0.09,0.093,0.092,0.091,0.089,0.091,0.091,0.091,0.087,0.089,0.087,0.086,0.095,0.199,0.745,0.094,0.734,0.2,0.094,0.093,0.088,0.089,0.088,0.085,0.093,0.908,0.095,0.711,0.094,0.495,0.199,0.091,0.088,0.088,0.088,0.087,0.095,0.095,1.112,0.191,0.719,0.195,0.717,0.092,0.09,0.089,0.089,0.088,0.093,0.095,0.203,0.095,0.214,0.092,0.201,0.095,0.089,0.09,0.09,0.088,0.093,0.093,0.094,0.094,0.092,0.093,0.091,0.092,0.089,0.089,0.089,0.088,0.087,0.089,0.086,0.089,0.085,0.088,0.089,0.087,0.087,0.088,0.088,0.089,0.086,0.087,0.09,0.088,0.087,0.087,0.088,0.085,0.089,0.092,0.087,0.085
5:29:10,0.09,0.093,0.092,0.091,0.089,0.091,0.091,0.091,0.087,0.089,0.087,0.086,0.095,0.225,0.74,0.095,0.741,0.226,0.094,0.093,0.088,0.089,0.088,0.085,0.093,0.91,0.096,0.714,0.095,0.496,0.226,0.091,0.087,0.088,0.088,0.087,0.095,0.095,1.107,0.212,0.709,0.221,0.72,0.092,0.09,0.089,0.089,0.088,0.093,0.095,0.226,0.096,0.239,0.092,0.228,0.095,0.089,0.09,0.09,0.088,0.093,0.093,0.094,0.094,0.092,0.093,0.091,0.092,0.089,0.089,0.089,0.088,0.087,0.088,0.086,0.089,0.085,0.088,0.089,0.087,0.087,0.088,0.088,0.089,0.086,0.087,0.09,0.088,0.087,0.087,0.088,0.085,0.089,0.092,0.087,0.085
5:44:10,0.09,0.093,0.092,0.091,0.089,0.091,0.091,0.091,0.087,0.089,0.087,0.086,0.095,0.26,0.754,0.096,0.746,0.261,0.095,0.093,0.088,0.089,0.088,0.085,0.093,0.922,0.097,0.716,0.096,0.49,0.265,0.091,0.088,0.088,0.088,0.087,0.095,0.096,1.12,0.245,0.726,0.252,0.718,0.092,0.09,0.089,0.089,0.088,0.093,0.095,0.272,0.097,0.274,0.093,0.265,0.095,0.089,0.09,0.09,0.088,0.093,0.093,0.094,0.094,0.092,0.093,0.091,0.092,0.089,0.089,0.089,0.088,0.087,0.088,0.086,0.088,0.085,0.088,0.089,0.087,0.087,0.088,0.088,0.089,0.086,0.087,0.09,0.088,0.087,0.087,0.088,0.085,0.089,0.092,0.087,0.085
5:59:10,0.09,0.093,0.092,0.091,0.089,0.091,0.091,0.091,0.087,0.089,0.087,0.086,0.095,0.303,0.751,0.097,0.761,0.305,0.095,0.093,0.088,0.089,0.088,0.085,0.093,0.925,0.098,0.723,0.097,0.493,0.314,0.091,0.088,0.088,0.088,0.087,0.095,0.098,1.119,0.285,0.74,0.294,0.724,0.092,0.09,0.089,0.089,0.088,0.093,0.096,0.323,0.098,0.322,0.093,0.308,0.095,0.089,0.09,0.09,0.088,0.093,0.093,0.094,0.094,0.093,0.094,0.091,0.092,0.089,0.089,0.089,0.088,0.087,0.089,0.086,0.089,0.086,0.088,0.089,0.087,0.087,0.088,0.088,0.089,0.086,0.087,0.09,0.088,0.087,0.087,0.088,0.085,0.089,0.092,0.087,0.085
6:14:10,0.09,0.093,0.092,0.091,0.089,0.091,0.091,0.091,0.087,0.089,0.087,0.086,0.095,0.352,0.751,0.098,0.765,0.361,0.096,0.093,0.088,0.089,0.088,0.085,0.093,0.919,0.1,0.72,0.099,0.503,0.366,0.091,0.087,0.088,0.088,0.087,0.095,0.1,1.118,0.328,0.727,0.355,0.723,0.092,0.09,0.089,0.089,0.088,0.093,0.097,0.368,0.099,0.37,0.094,0.352,0.095,0.089,0.09,0.09,0.088,0.093,0.093,0.094,0.094,0.092,0.093,0.091,0.092,0.089,0.089,0.089,0.088,0.087,0.089,0.086,0.089,0.085,0.088,0.089,0.087,0.087,0.088,0.088,0.089,0.086,0.087,0.09,0.088,0.087,0.087,0.088,0.085,0.089,0.092,0.087,0.085
6:29:10,0.09,0.093,0.092,0.091,0.089,0.091,0.091,0.091,0.087,0.089,0.087,0.086,0.095,0.4,0.758,0.1,0.77,0.416,0.097,0.093,0.088,0.089,0.088,0.085,0.093,0.926,0.102,0.722,0.101,0.5,0.416,0.091,0.088,0.088,0.088,0.087,0.095,0.102,1.12,0.373,0.737,0.395,0.742,0.092,0.09,0.089,0.089,0.088,0.093,0.098,0.42,0.101,0.413,0.096,0.402,0.095,0.089,0.09,0.09,0.088,0.093,0.093,0.094,0.094,0.093,0.093,0.091,0.092,0.089,0.089,0.089,0.088,0.087,0.089,0.086,0.089,0.085,0.088,0.089,0.087,0.087,0.088,0.088,0.089,0.086,0.087,0.09,0.088,0.087,0.087,0.088,0.085,0.089,0.092,0.087,0.085
6:44:10,0.09,0.093,0.092,0.091,0.089,0.091,0.091,0.091,0.087,0.089,0.087,0.086,0.095,0.446,0.761,0.103,0.777,0.467,0.098,0.093,0.088,0.089,0.088,0.085,0.093,0.938,0.105,0.73,0.103,0.508,0.465,0.091,0.087,0.088,0.088,0.087,0.095,0.105,1.127,0.417,0.744,0.452,0.758,0.092,0.09,0.089,0.089,0.088,0.093,0.1,0.469,0.103,0.465,0.097,0.45,0.095,0.089,0.09,0.09,0.088,0.093,0.093,0.094,0.094,0.093,0.093,0.091,0.092,0.089,0.089,0.089,0.088,0.087,0.089,0.086,0.089,0.085,0.087,0.089,0.087,0.087,0.088,0.088,0.089,0.086,0.087,0.09,0.088,0.087,0.087,0.088,0.085,0.089,0.092,0.087,0.085
6:59:10,0.089,0.093,0.092,0.091,0.089,0.091,0.091,0.091,0.087,0.089,0.087,0.086,0.095,0.491,0.769,0.106,0.789,0.522,0.1,0.093,0.088,0.089,0.088,0.085,0.093,0.947,0.108,0.738,0.107,0.518,0.512,0.091,0.087,0.088,0.088,0.087,0.095,0.109,1.129,0.464,0.765,0.503,0.749,0.092,0.09,0.089,0.089,0.088,0.093,0.102,0.5,0.106,0.506,0.1,0.488,0.095,0.089,0.09,0.09,0.088,0.093,0.093,0.094,0.094,0.093,0.093,0.091,0.092,0.089,0.089,0.089,0.088,0.087,0.089,0.086,0.089,0.085,0.087,0.089,0.087,0.087,0.088,0.088,0.089,0.086,0.087,0.09,0.088,0.087,0.087,0.088,0.085,0.089,0.092,0.087,0.085
7:14:10,0.089,0.093,0.092,0.091,0.089,0.091,0.091,0.091,0.087,0.089,0.087,0.086,0.095,0.533,0.771,0.111,0.791,0.568,0.102,0.093,0.088,0.089,0.088,0.085,0.093,0.952,0.113,0.739,0.111,0.521,0.556,0.091,0.087,0.088,0.088,0.087,0.095,0.114,1.129,0.506,0.762,0.551,0.745,0.092,0.09,0.089,0.089,0.088,0.093,0.105,0.567,0.11,0.549,0.102,0.53,0.095,0.089,0.09,0.09,0.088,0.093,0.093,0.094,0.094,0.093,0.093,0.091,0.092,0.089,0.089,0.089,0.088,0.087,0.088,0.086,0.088,0.085,0.087,0.089,0.087,0.087,0.088,0.088,0.089,0.086,0.087,0.09,0.088,0.087,0.087,0.088,0.085,0.089,0.092,0.087,0.085
7:29:10,0.09,0.093,0.092,0.091,0.089,0.091,0.091,0.091,0.087,0.089,0.087,0.086,0.095,0.572,0.779,0.116,0.802,0.605,0.105,0.093,0.088,0.089,0.088,0.085,0.093,0.958,0.119,0.751,0.117,0.529,0.597,0.091,0.087,0.088,0.088,0.087,0.095,0.12,1.141,0.548,0.77,0.582,0.751,0.092,0.09,0.089,0.089,0.088,0.093,0.108,0.628,0.115,0.589,0.106,0.57,0.095,0.089,0.09,0.09,0.088,0.093,0.093,0.094,0.094,0.093,0.093,0.091,0.092,0.089,0.089,0.089,0.088,0.087,0.089,0.086,0.088,0.085,0.088,0.089,0.087,0.087,0.088,0.088,0.089,0.086,0.087,0.09,0.088,0.087,0.087,0.088,0.085,0.089,0.092,0.087,0.085
7:44:10,0.09,0.093,0.092,0.091,0.089,0.091,0.091,0.091,0.087,0.089,0.087,0.086,0.095,0.605,0.779,0.123,0.81,0.633,0.109,0.093,0.088,0.089,0.088,0.085,0.093,0.969,0.127,0.756,0.124,0.537,0.63,0.091,0.087,0.088,0.088,0.087,0.095,0.128,1.14,0.583,0.775,0.608,0.761,0.092,0.09,0.089,0.089,0.088,0.093,0.113,0.617,0.122,0.628,0.111,0.608,0.095,0.089,0.09,0.09,0.088,0.093,0.093,0.094,0.094,0.093,0.093,0.091,0.092,0.089,0.089,0.089,0.088,0.087,0.088,0.086,0.088,0.085,0.087,0.089,0.087,0.086,0.088,0.088,0.089,0.086,0.087,0.09,0.088,0.087,0.087,0.088,0.085,0.089,0.092,0.087,0.085
7:59:10,0.09,0.093,0.092,0.091,0.089,0.091,0.091,0.091,0.087,0.089,0.087,0.086,0.095,0.635,0.784,0.132,0.814,0.662,0.114,0.093,0.088,0.089,0.088,0.085,0.093,0.972,0.136,0.758,0.133,0.542,0.663,0.091,0.087,0.088,0.088,0.087,0.095,0.137,1.137,0.617,0.773,0.637,0.766,0.092,0.09,0.089,0.089,0.088,0.093,0.119,0.793,0.13,0.665,0.117,0.647,0.095,0.089,0.09,0.09,0.088,0.093,0.093,0.094,0.094,0.093,0.093,0.091,0.092,0.089,0.089,0.089,0.088,0.087,0.089,0.086,0.088,0.085,0.088,0.089,0.087,0.087,0.088,0.088,0.089,0.086,0.087,0.09,0.088,0.087,0.087,0.088,0.085,0.089,0.092,0.087,0.085
8:14:10,0.09,0.093,0.092,0.091,0.089,0.091,0.091,0.091,0.087,0.089,0.087,0.086,0.095,0.674,0.79,0.142,0.823,0.697,0.12,0.093,0.088,0.089,0.088,0.085,0.093,0.973,0.144,0.771,0.141,0.547,0.696,0.091,0.088,0.088,0.088,0.087,0.095,0.146,1.144,0.644,0.781,0.663,0.779,0.092,0.09,0.089,0.089,0.088,0.093,0.127,0.77,0.139,0.701,0.126,0.684,0.095,0.089,0.09,0.09,0.088,0.093,0.093,0.094,0.094,0.093,0.094,0.091,0.092,0.089,0.089,0.089,0.088,0.087,0.089,0.086,0.088,0.085,0.088,0.089,0.087,0.087,0.088,0.088,0.089,0.086,0.087,0.09,0.088,0.087,0.087,0.088,0.085,0.089,0.092,0.087,0.085
8:29:10,0.09,0.093,0.092,0.091,0.089,0.091,0.091,0.091,0.087,0.089,0.087,0.086,0.095,0.703,0.795,0.151,0.829,0.732,0.128,0.093,0.088,0.089,0.088,0.085,0.093,0.983,0.151,0.776,0.149,0.557,0.729,0.091,0.088,0.088,0.088,0.087,0.095,0.154,1.14,0.673,0.786,0.691,0.78,0.092,0.09,0.089,0.089,0.088,0.093,0.135,0.796,0.147,0.733,0.136,0.719,0.095,0.089,0.09,0.09,0.088,0.093,0.093,0.095,0.094,0.094,0.094,0.091,0.092,0.089,0.089,0.089,0.088,0.087,0.089,0.086,0.089,0.085,0.088,0.089,0.087,0.087,0.088,0.088,0.089,0.086,0.087,0.09,0.088,0.087,0.087,0.088,0.085,0.089,0.092,0.087,0.085
8:44:10,0.089,0.093,0.092,0.091,0.089,0.091,0.091,0.091,0.087,0.089,0.087,0.086,0.095,0.738,0.806,0.16,0.838,0.778,0.137,0.093,0.088,0.089,0.088,0.085,0.093,0.983,0.159,0.791,0.157,0.568,0.762,0.091,0.088,0.088,0.088,0.087,0.095,0.162,1.145,0.698,0.79,0.722,0.791,0.092,0.09,0.089,0.089,0.088,0.093,0.142,0.823,0.156,0.761,0.146,0.76,0.095,0.089,0.09,0.09,0.088,0.093,0.093,0.095,0.094,0.094,0.094,0.091,0.092,0.089,0.089,0.089,0.088,0.087,0.089,0.086,0.089,0.086,0.087,0.089,0.087,0.087,0.088,0.088,0.089,0.086,0.087,0.09,0.088,0.087,0.087,0.088,0.085,0.089,0.092,0.087,0.085
8:59:10,0.089,0.093,0.092,0.091,0.089,0.091,0.091,0.091,0.087,0.089,0.087,0.086,0.095,0.768,0.81,0.168,0.842,0.805,0.147,0.093,0.088,0.089,0.088,0.085,0.093,0.983,0.166,0.789,0.164,0.592,0.791,0.091,0.087,0.088,0.088,0.087,0.095,0.171,1.141,0.719,0.799,0.753,0.79,0.092,0.09,0.089,0.089,0.088,0.093,0.15,0.863,0.164,0.792,0.156,0.789,0.095,0.089,0.09,0.09,0.088,0.093,0.094,0.095,0.094,0.095,0.094,0.091,0.092,0.089,0.089,0.089,0.088,0.087,0.089,0.086,0.089,0.085,0.088,0.089,0.087,0.087,0.088,0.088,0.089,0.086,0.087,0.09,0.088,0.087,0.087,0.088,0.085,0.089,0.092,0.087,0.085
9:14:10,0.09,0.093,0.092,0.091,0.089,0.091,0.091,0.091,0.087,0.089,0.087,0.086,0.095,0.8,0.819,0.177,0.854,0.835,0.156,0.093,0.088,0.089,0.088,0.085,0.093,0.988,0.175,0.81,0.171,0.599,0.821,0.091,0.088,0.088,0.088,0.087,0.095,0.179,1.148,0.737,0.81,0.782,0.793,0.092,0.09,0.089,0.089,0.088,0.093,0.158,0.91,0.172,0.817,0.166,0.823,0.095,0.089,0.09,0.09,0.088,0.093,0.093,0.096,0.094,0.096,0.095,0.091,0.092,0.089,0.089,0.089,0.088,0.087,0.089,0.086,0.089,0.085,0.088,0.089,0.087,0.087,0.088,0.088,0.089,0.086,0.087,0.09,0.088,0.087,0.087,0.088,0.085,0.089,0.092,0.087,0.085
9:29:10,0.09,0.093,0.092,0.091,0.089,0.091,0.091,0.091,0.087,0.089,0.087,0.086,0.095,0.827,0.829,0.186,0.863,0.863,0.165,0.093,0.088,0.089,0.088,0.085,0.093,1.004,0.183,0.822,0.179,0.611,0.848,0.091,0.088,0.088,0.088,0.087,0.095,0.187,1.149,0.754,0.82,0.811,0.801,0.092,0.09,0.089,0.089,0.088,0.093,0.166,0.938,0.179,0.837,0.176,0.856,0.095,0.089,0.09,0.09,0.088,0.093,0.093,0.097,0.094,0.097,0.096,0.091,0.092,0.089,0.089,0.089,0.088,0.087,0.089,0.086,0.089,0.085,0.088,0.089,0.087,0.087,0.088,0.088,0.089,0.086,0.087,0.09,0.088,0.087,0.087,0.088,0.085,0.089,0.092,0.087,0.085
9:44:10,0.09,0.093,0.092,0.091,0.089,0.091,0.091,0.091,0.087,0.089,0.087,0.086,0.095,0.854,0.84,0.195,0.869,0.884,0.174,0.093,0.088,0.089,0.088,0.085,0.093,1.008,0.192,0.847,0.186,0.619,0.878,0.091,0.088,0.088,0.088,0.087,0.095,0.196,1.154,0.773,0.835,0.838,0.796,0.092,0.09,0.089,0.089,0.088,0.093,0.173,0.965,0.187,0.86,0.185,0.882,0.095,0.089,0.09,0.09,0.088,0.093,0.093,0.098,0.094,0.098,0.097,0.091,0.092,0.089,0.089,0.089,0.088,0.087,0.088,0.086,0.089,0.086,0.088,0.089,0.087,0.087,0.088,0.088,0.089,0.086,0.087,0.09,0.088,0.087,0.087,0.088,0.085,0.089,0.092,0.087,0.085
9:59:10,0.09,0.093,0.092,0.091,0.089,0.091,0.091,0.091,0.087,0.089,0.087,0.086,0.095,0.881,0.851,0.205,0.882,0.903,0.183,0.093,0.088,0.089,0.088,0.085,0.093,1.018,0.2,0.878,0.193,0.63,0.904,0.091,0.088,0.088,0.088,0.087,0.095,0.205,1.167,0.788,0.856,0.864,0.807,0.092,0.09,0.089,0.089,0.088,0.093,0.183,0.996,0.195,0.887,0.195,0.909,0.095,0.089,0.09,0.09,0.088,0.093,0.093,0.1,0.094,0.101,0.098,0.091,0.092,0.089,0.089,0.089,0.088,0.087,0.089,0.086,0.089,0.085,0.088,0.089,0.087,0.087,0.088,0.088,0.089,0.086,0.087,0.09,0.088,0.087,0.087,0.088,0.085,0.089,0.092,0.087,0.085
10:14:10,0.09,0.093,0.092,0.091,0.089,0.091,0.091,0.091,0.087,0.089,0.087,0.086,0.095,0.901,0.875,0.215,0.893,0.922,0.193,0.093,0.088,0.089,0.088,0.085,0.093,1.031,0.21,0.889,0.201,0.639,0.928,0.091,0.087,0.088,0.088,0.087,0.095,0.214,1.207,0.801,0.866,0.887,0.818,0.092,0.09,0.089,0.089,0.088,0.093,0.193,1.025,0.204,0.91,0.204,0.932,0.095,0.089,0.09,0.09,0.088,0.093,0.093,0.102,0.094,0.104,0.101,0.091,0.092,0.089,0.089,0.089,0.088,0.087,0.088,0.086,0.088,0.085,0.087,0.089,0.087,0.087,0.088,0.088,0.089,0.086,0.087,0.09,0.088,0.087,0.087,0.088,0.085,0.089,0.092,0.087,0.085
10:29:10,0.09,0.093,0.092,0.091,0.089,0.091,0.091,0.091,0.087,0.089,0.087,0.086,0.095,0.925,0.891,0.227,0.907,0.942,0.203,0.093,0.088,0.089,0.088,0.085,0.093,1.062,0.218,0.912,0.208,0.657,0.952,0.091,0.087,0.088,0.088,0.087,0.095,0.224,1.225,0.818,0.871,0.912,0.828,0.092,0.09,0.089,0.089,0.088,0.093,0.205,1.063,0.213,0.933,0.215,0.957,0.095,0.089,0.09,0.09,0.088,0.093,0.093,0.107,0.094,0.109,0.104,0.091,0.092,0.089,0.089,0.089,0.088,0.087,0.089,0.086,0.089,0.085,0.088,0.089,0.087,0.087,0.088,0.088,0.089,0.086,0.087,0.09,0.088,0.087,0.087,0.088,0.085,0.089,0.092,0.087,0.085
10:44:10,0.089,0.093,0.092,0.091,0.089,0.091,0.091,0.091,0.087,0.089,0.087,0.086,0.095,0.949,0.913,0.239,0.927,0.955,0.213,0.093,0.088,0.089,0.088,0.085,0.093,1.088,0.23,0.926,0.217,0.675,0.972,0.091,0.088,0.088,0.088,0.087,0.095,0.234,1.236,0.833,0.882,0.939,0.846,0.092,0.09,0.089,0.089,0.088,0.093,0.215,1.097,0.224,0.953,0.226,0.979,0.095,0.089,0.09,0.09,0.088,0.093,0.093,0.114,0.094,0.116,0.11,0.091,0.092,0.089,0.089,0.089,0.088,0.087,0.089,0.086,0.088,0.085,0.088,0.089,0.087,0.087,0.088,0.088,0.089,0.086,0.087,0.09,0.088,0.087,0.087,0.088,0.085,0.089,0.092,0.087,0.085
10:59:10,0.089,0.093,0.092,0.091,0.089,0.091,0.091,0.091,0.087,0.089,0.087,0.086,0.095,0.97,0.939,0.252,0.952,0.975,0.224,0.093,0.088,0.089,0.088,0.085,0.093,1.106,0.242,0.946,0.226,0.698,0.995,0.091,0.087,0.088,0.088,0.087,0.095,0.246,1.249,0.848,0.887,0.96,0.848,0.092,0.09,0.089,0.089,0.088,0.093,0.23,1.118,0.234,0.977,0.237,1.005,0.095,0.089,0.09,0.09,0.088,0.093,0.093,0.124,0.094,0.126,0.117,0.091,0.092,0.089,0.089,0.089,0.088,0.087,0.088,0.086,0.089,0.085,0.087,0.089,0.087,0.087,0.088,0.088,0.089,0.086,0.087,0.09,0.088,0.087,0.087,0.088,0.085,0.089,0.092,0.087,0.085
11:14:10,0.09,0.093,0.092,0.091,0.089,0.091,0.091,0.091,0.087,0.089,0.087,0.086,0.095,0.99,0.968,0.266,0.969,0.988,0.236,0.093,0.088,0.089,0.088,0.085,0.093,1.126,0.255,0.962,0.236,0.715,1.012,0.091,0.088,0.088,0.088,0.087,0.095,0.259,1.255,0.861,0.898,0.985,0.832,0.092,0.09,0.089,0.089,0.088,0.093,0.244,1.12,0.247,0.997,0.248,1.028,0.095,0.089,0.09,0.09,0.088,0.093,0.093,0.138,0.094,0.138,0.126,0.091,0.092,0.089,0.089,0.089,0.088,0.087,0.089,0.086,0.088,0.086,0.088,0.089,0.087,0.087,0.088,0.088,0.089,0.086,0.087,0.09,0.088,0.087,0.087,0.088,0.085,0.089,0.092,0.087,0.085
11:29:10,0.09,0.093,0.092,0.091,0.089,0.091,0.091,0.091,0.087,0.089,0.087,0.086,0.095,1.01,0.984,0.28,1.003,1.01,0.251,0.093,0.088,0.089,0.088,0.085,0.093,1.138,0.268,1.019,0.248,0.741,1.037,0.091,0.087,0.088,0.088,0.087,0.095,0.273,1.27,0.874,0.907,1.01,0.83,0.092,0.09,0.089,0.089,0.088,0.093,0.255,1.126,0.259,1.016,0.262,1.048,0.095,0.089,0.09,0.09,0.088,0.093,0.093,0.159,0.094,0.155,0.138,0.091,0.092,0.089,0.089,0.089,0.088,0.087,0.089,0.086,0.089,0.085,0.088,0.089,0.087,0.087,0.088,0.088,0.089,0.086,0.087,0.09,0.088,0.087,0.087,0.088,0.085,0.089,0.092,0.087,0.085
11:44:10,0.089,0.093,0.092,0.091,0.089,0.091,0.091,0.091,0.087,0.089,0.087,0.086,0.095,1.03,1.006,0.293,1.036,1.018,0.267,0.093,0.088,0.089,0.088,0.085,0.093,1.157,0.278,1.046,0.258,0.758,1.058,0.091,0.088,0.088,0.088,0.087,0.095,0.284,1.278,0.887,0.921,1.03,0.861,0.092,0.09,0.089,0.089,0.088,0.093,0.267,1.139,0.271,1.036,0.274,1.071,0.095,0.089,0.09,0.09,0.088,0.093,0.093,0.193,0.094,0.176,0.153,0.091,0.092,0.089,0.089,0.089,0.088,0.087,0.089,0.086,0.089,0.085,0.087,0.089,0.087,0.087,0.088,0.088,0.089,0.086,0.087,0.09,0.088,0.087,0.087,0.088,0.085,0.089,0.092,0.087,0.085
11:59:10,0.089,0.093,0.092,0.091,0.089,0.091,0.091,0.091,0.087,0.089,0.087,0.086,0.095,1.052,1.027,0.305,1.05,1.036,0.281,0.093,0.088,0.089,0.088,0.085,0.093,1.169,0.291,1.059,0.271,0.777,1.089,0.091,0.087,0.088,0.088,0.087,0.094,0.295,1.346,0.9,0.931,1.053,0.866,0.092,0.09,0.089,0.089,0.088,0.093,0.279,1.162,0.283,1.054,0.284,1.088,0.095,0.089,0.09,0.09,0.088,0.093,0.093,0.227,0.094,0.202,0.168,0.091,0.092,0.089,0.089,0.089,0.088,0.087,0.088,0.086,0.089,0.085,0.088,0.089,0.087,0.087,0.088,0.088,0.089,0.086,0.087,0.09,0.088,0.087,0.087,0.088,0.085,0.088,0.092,0.087,0.085
12:14:10,0.089,0.093,0.092,0.091,0.089,0.091,0.091,0.091,0.087,0.089,0.087,0.086,0.095,1.07,1.058,0.322,1.062,1.049,0.297,0.093,0.088,0.089,0.088,0.085,0.093,1.192,0.306,1.068,0.283,0.793,1.109,0.091,0.087,0.088,0.088,0.087,0.094,0.309,1.352,0.914,0.944,1.075,0.874,0.092,0.09,0.089,0.089,0.088,0.093,0.298,1.193,0.295,1.074,0.297,1.11,0.095,0.089,0.09,0.09,0.088,0.093,0.093,0.257,0.094,0.229,0.189,0.091,0.092,0.089,0.089,0.089,0.088,0.087,0.089,0.086,0.089,0.086,0.088,0.089,0.087,0.087,0.088,0.088,0.089,0.086,0.087,0.09,0.088,0.087,0.087,0.088,0.085,0.089,0.092,0.087,0.085
12:29:10,0.089,0.093,0.092,0.091,0.089,0.091,0.091,0.091,0.087,0.089,0.087,0.086,0.095,1.094,1.074,0.339,1.083,1.068,0.311,0.093,0.088,0.089,0.088,0.085,0.093,1.199,0.327,1.089,0.296,0.806,1.132,0.091,0.088,0.088,0.088,0.087,0.094,0.327,1.361,0.926,0.957,1.1,0.891,0.092,0.09,0.089,0.089,0.088,0.093,0.324,1.227,0.309,1.092,0.315,1.133,0.095,0.089,0.09,0.09,0.088,0.093,0.093,0.3,0.094,0.26,0.216,0.091,0.092,0.089,0.089,0.089,0.088,0.087,0.089,0.086,0.089,0.086,0.088,0.089,0.087,0.087,0.088,0.088,0.089,0.086,0.087,0.09,0.088,0.087,0.087,0.088,0.085,0.089,0.092,0.087,0.085
12:44:10,0.089,0.093,0.092,0.091,0.089,0.091,0.091,0.091,0.087,0.089,0.087,0.086,0.095,1.109,1.09,0.361,1.098,1.08,0.331,0.093,0.088,0.089,0.088,0.085,0.093,1.208,0.349,1.096,0.31,0.82,1.151,0.091,0.088,0.088,0.088,0.087,0.094,0.346,1.365,0.935,0.967,1.118,0.888,0.092,0.09,0.089,0.089,0.088,0.093,0.343,1.27,0.33,1.111,0.331,1.151,0.095,0.089,0.09,0.09,0.088,0.093,0.093,0.341,0.094,0.285,0.243,0.091,0.092,0.089,0.089,0.089,0.088,0.087,0.088,0.086,0.089,0.085,0.088,0.089,0.087,0.087,0.088,0.088,0.089,0.086,0.087,0.09,0.088,0.087,0.087,0.088,0.085,0.089,0.092,0.087,0.085
12:59:10,0.09,0.093,0.092,0.091,0.089,0.091,0.091,0.091,0.087,0.089,0.087,0.086,0.095,1.125,1.106,0.384,1.11,1.093,0.351,0.093,0.088,0.089,0.088,0.085,0.093,1.222,0.372,1.103,0.328,0.83,1.172,0.091,0.087,0.088,0.088,0.087,0.094,0.369,1.373,0.943,0.992,1.135,0.894,0.092,0.09,0.089,0.089,0.088,0.093,0.369,1.276,0.348,1.127,0.353,1.171,0.095,0.089,0.09,0.09,0.088,0.093,0.093,0.37,0.094,0.311,0.273,0.091,0.092,0.089,0.089,0.089,0.088,0.087,0.089,0.086,0.089,0.085,0.087,0.089,0.087,0.087,0.088,0.088,0.089,0.086,0.087,0.09,0.088,0.087,0.087,0.088,0.085,0.089,0.092,0.087,0.085
13:14:10,0.089,0.093,0.092,0.091,0.089,0.091,0.091,0.091,0.087,0.089,0.087,0.086,0.095,1.142,1.134,0.409,1.122,1.106,0.374,0.093,0.088,0.089,0.088,0.085,0.093,1.234,0.401,1.112,0.344,0.851,1.187,0.091,0.088,0.088,0.088,0.087,0.094,0.394,1.383,0.949,1,1.153,0.9,0.092,0.09,0.089,0.089,0.088,0.093,0.406,1.303,0.384,1.144,0.372,1.184,0.095,0.089,0.09,0.09,0.088,0.093,0.093,0.395,0.094,0.339,0.31,0.091,0.092,0.089,0.089,0.089,0.088,0.087,0.089,0.086,0.089,0.085,0.088,0.089,0.087,0.087,0.088,0.088,0.089,0.086,0.088,0.09,0.088,0.087,0.087,0.088,0.085,0.089,0.092,0.087,0.085
13:29:10,0.089,0.093,0.092,0.091,0.089,0.091,0.091,0.091,0.087,0.089,0.087,0.086,0.095,1.159,1.183,0.437,1.136,1.117,0.4,0.093,0.088,0.089,0.088,0.085,0.093,1.246,0.431,1.118,0.37,0.891,1.208,0.091,0.087,0.088,0.088,0.087,0.094,0.423,1.389,0.955,1.01,1.169,0.915,0.092,0.09,0.089,0.089,0.088,0.093,0.431,1.321,0.405,1.159,0.4,1.201,0.095,0.089,0.09,0.09,0.088,0.093,0.093,0.422,0.094,0.37,0.365,0.091,0.092,0.089,0.089,0.089,0.088,0.087,0.089,0.086,0.089,0.085,0.088,0.089,0.087,0.087,0.088,0.088,0.089,0.086,0.087,0.09,0.088,0.087,0.087,0.088,0.085,0.089,0.092,0.087,0.085
13:44:10,0.09,0.093,0.092,0.091,0.089,0.091,0.091,0.091,0.087,0.089,0.087,0.086,0.095,1.177,1.228,0.459,1.146,1.127,0.428,0.093,0.088,0.089,0.088,0.085,0.093,1.258,0.453,1.125,0.401,0.905,1.223,0.091,0.088,0.088,0.088,0.087,0.094,0.454,1.396,0.96,1.018,1.186,0.928,0.092,0.09,0.089,0.089,0.088,0.093,0.459,1.337,0.423,1.174,0.433,1.218,0.095,0.089,0.09,0.09,0.088,0.093,0.093,0.446,0.094,0.401,0.4,0.091,0.092,0.089,0.089,0.089,0.088,0.087,0.089,0.086,0.089,0.085,0.088,0.089,0.087,0.087,0.088,0.088,0.089,0.086,0.087,0.09,0.088,0.087,0.087,0.088,0.085,0.089,0.092,0.087,0.085
13:59:10,0.089,0.093,0.092,0.091,0.089,0.091,0.091,0.091,0.087,0.089,0.087,0.086,0.095,1.191,1.266,0.488,1.163,1.138,0.454,0.093,0.088,0.089,0.088,0.085,0.093,1.269,0.495,1.175,0.427,0.923,1.241,0.091,0.088,0.088,0.088,0.087,0.094,0.484,1.403,0.964,1.043,1.198,0.943,0.092,0.09,0.089,0.089,0.088,0.093,0.502,1.348,0.456,1.187,0.466,1.237,0.095,0.089,0.09,0.09,0.088,0.093,0.093,0.47,0.094,0.436,0.43,0.091,0.092,0.089,0.089,0.089,0.088,0.087,0.089,0.086,0.089,0.085,0.088,0.089,0.087,0.087,0.088,0.088,0.089,0.086,0.088,0.09,0.088,0.087,0.087,0.088,0.085,0.089,0.092,0.087,0.085
14:14:10,0.089,0.093,0.092,0.091,0.089,0.091,0.091,0.091,0.087,0.089,0.087,0.086,0.095,1.204,1.302,0.513,1.232,1.149,0.487,0.093,0.088,0.089,0.088,0.085,0.093,1.309,0.529,1.21,0.461,0.944,1.255,0.091,0.088,0.088,0.088,0.087,0.094,0.516,1.413,0.968,1.036,1.21,0.953,0.092,0.09,0.089,0.089,0.088,0.093,0.537,1.357,0.486,1.202,0.481,1.253,0.095,0.089,0.09,0.09,0.088,0.093,0.093,0.498,0.094,0.48,0.461,0.091,0.092,0.089,0.089,0.089,0.088,0.087,0.089,0.086,0.089,0.085,0.088,0.089,0.087,0.087,0.088,0.088,0.089,0.086,0.087,0.09,0.088,0.087,0.087,0.088,0.085,0.089,0.092,0.087,0.085
14:29:10,0.089,0.093,0.092,0.091,0.089,0.091,0.091,0.091,0.087,0.089,0.087,0.086,0.095,1.212,1.313,0.533,1.245,1.157,0.515,0.093,0.088,0.089,0.088,0.085,0.093,1.33,0.545,1.218,0.489,0.966,1.264,0.091,0.087,0.088,0.088,0.087,0.094,0.542,1.428,0.969,1.045,1.219,0.964,0.092,0.09,0.089,0.089,0.088,0.093,0.546,1.365,0.504,1.215,0.521,1.267,0.095,0.089,0.09,0.09,0.088,0.093,0.093,0.519,0.094,0.515,0.486,0.091,0.092,0.089,0.089,0.089,0.088,0.087,0.089,0.086,0.089,0.085,0.088,0.089,0.087,0.087,0.088,0.088,0.089,0.086,0.087,0.09,0.088,0.087,0.087,0.088,0.085,0.089,0.092,0.087,0.085
14:44:10,0.089,0.093,0.092,0.091,0.089,0.091,0.091,0.091,0.087,0.089,0.087,0.086,0.095,1.223,1.324,0.563,1.26,1.164,0.536,0.093,0.088,0.089,0.088,0.085,0.093,1.367,0.568,1.235,0.511,0.988,1.272,0.091,0.088,0.088,0.088,0.087,0.094,0.571,1.453,0.971,1.056,1.225,0.972,0.092,0.09,0.089,0.089,0.088,0.093,0.566,1.373,0.539,1.224,0.548,1.28,0.095,0.089,0.09,0.09,0.088,0.093,0.093,0.544,0.094,0.546,0.505,0.091,0.092,0.089,0.089,0.089,0.088,0.087,0.089,0.086,0.089,0.086,0.088,0.089,0.087,0.087,0.088,0.088,0.089,0.086,0.087,0.09,0.088,0.087,0.087,0.088,0.085,0.089,0.092,0.087,0.085
14:59:10,0.089,0.093,0.092,0.091,0.089,0.091,0.091,0.091,0.087,0.089,0.087,0.086,0.095,1.23,1.391,0.591,1.286,1.17,0.563,0.093,0.088,0.089,0.088,0.085,0.093,1.379,0.586,1.246,0.541,1.011,1.277,0.091,0.088,0.088,0.088,0.087,0.094,0.595,1.467,0.973,1.07,1.23,0.985,0.092,0.09,0.089,0.089,0.088,0.093,0.599,1.38,0.565,1.23,0.576,1.291,0.095,0.089,0.09,0.09,0.088,0.093,0.093,0.567,0.094,0.572,0.532,0.091,0.092,0.089,0.089,0.089,0.088,0.087,0.088,0.086,0.088,0.085,0.088,0.089,0.087,0.087,0.088,0.088,0.089,0.086,0.087,0.09,0.088,0.087,0.087,0.088,0.085,0.089,0.092,0.087,0.085
15:14:10,0.089,0.093,0.092,0.091,0.089,0.091,0.091,0.091,0.087,0.089,0.087,0.086,0.095,1.237,1.405,0.613,1.311,1.177,0.594,0.093,0.088,0.089,0.088,0.085,0.093,1.402,0.626,1.262,0.572,1.035,1.283,0.091,0.088,0.088,0.088,0.087,0.094,0.627,1.478,0.974,1.094,1.233,1.014,0.092,0.09,0.089,0.089,0.088,0.093,0.615,1.387,0.592,1.234,0.615,1.3,0.095,0.089,0.09,0.09,0.088,0.093,0.093,0.598,0.094,0.607,0.563,0.091,0.092,0.089,0.089,0.089,0.088,0.087,0.089,0.086,0.088,0.086,0.088,0.089,0.087,0.087,0.088,0.088,0.089,0.086,0.087,0.09,0.088,0.087,0.087,0.088,0.085,0.089,0.092,0.087,0.085
15:29:10,0.089,0.093,0.092,0.091,0.089,0.091,0.091,0.091,0.087,0.089,0.087,0.086,0.095,1.24,1.418,0.642,1.329,1.178,0.623,0.093,0.088,0.089,0.088,0.085,0.093,1.407,0.64,1.277,0.587,1.06,1.286,0.091,0.087,0.088,0.088,0.087,0.094,0.651,1.499,0.975,1.113,1.234,1.03,0.092,0.09,0.089,0.089,0.088,0.093,0.646,1.392,0.617,1.233,0.633,1.308,0.095,0.089,0.09,0.09,0.088,0.093,0.093,0.616,0.094,0.626,0.581,0.091,0.092,0.089,0.089,0.089,0.088,0.087,0.089,0.086,0.089,0.085,0.088,0.089,0.087,0.087,0.088,0.088,0.089,0.086,0.087,0.09,0.088,0.087,0.087,0.088,0.085,0.089,0.092,0.087,0.085
15:44:10,0.09,0.093,0.092,0.091,0.089,0.091,0.091,0.091,0.087,0.089,0.087,0.087,0.095,1.244,1.433,0.663,1.35,1.182,0.648,0.093,0.088,0.089,0.088,0.085,0.093,1.422,0.679,1.293,0.613,1.09,1.288,0.091,0.088,0.088,0.088,0.087,0.094,0.68,1.515,0.976,1.124,1.237,1.05,0.092,0.09,0.089,0.089,0.088,0.093,0.656,1.399,0.638,1.237,0.652,1.315,0.095,0.089,0.09,0.09,0.088,0.093,0.093,0.643,0.094,0.654,0.604,0.091,0.092,0.089,0.089,0.089,0.088,0.087,0.089,0.086,0.089,0.086,0.088,0.089,0.087,0.087,0.088,0.088,0.089,0.086,0.087,0.09,0.088,0.087,0.087,0.088,0.085,0.089,0.092,0.087,0.085
15:59:10,0.089,0.093,0.092,0.091,0.089,0.091,0.091,0.091,0.087,0.089,0.087,0.086,0.095,1.242,1.445,0.69,1.37,1.182,0.685,0.093,0.088,0.089,0.088,0.085,0.093,1.432,0.691,1.31,0.623,1.116,1.289,0.091,0.088,0.088,0.088,0.087,0.094,0.698,1.536,0.975,1.135,1.235,1.067,0.092,0.09,0.089,0.089,0.088,0.093,0.694,1.403,0.669,1.233,0.68,1.321,0.095,0.089,0.09,0.09,0.088,0.093,0.093,0.661,0.094,0.676,0.625,0.091,0.092,0.089,0.089,0.089,0.088,0.087,0.089,0.086,0.089,0.086,0.088,0.089,0.087,0.087,0.088,0.088,0.089,0.086,0.088,0.09,0.088,0.087,0.087,0.088,0.085,0.089,0.092,0.087,0.085
16:14:10,0.089,0.093,0.092,0.091,0.089,0.091,0.091,0.091,0.087,0.089,0.087,0.086,0.095,1.242,1.462,0.71,1.391,1.182,0.707,0.093,0.088,0.089,0.088,0.085,0.093,1.446,0.723,1.339,0.656,1.14,1.29,0.091,0.088,0.088,0.088,0.087,0.094,0.723,1.555,0.976,1.153,1.234,1.082,0.092,0.09,0.089,0.089,0.088,0.093,0.729,1.408,0.69,1.234,0.711,1.323,0.095,0.089,0.09,0.09,0.088,0.093,0.093,0.685,0.094,0.702,0.648,0.091,0.092,0.089,0.089,0.089,0.088,0.087,0.089,0.086,0.088,0.085,0.088,0.089,0.087,0.087,0.088,0.088,0.089,0.086,0.087,0.09,0.088,0.087,0.087,0.088,0.085,0.089,0.092,0.087,0.085
16:29:10,0.089,0.093,0.092,0.091,0.089,0.091,0.091,0.091,0.087,0.089,0.087,0.086,0.095,1.244,1.48,0.734,1.413,1.181,0.734,0.093,0.088,0.089,0.088,0.085,0.093,1.465,0.739,1.354,0.689,1.177,1.29,0.091,0.088,0.088,0.088,0.087,0.094,0.748,1.582,0.977,1.169,1.232,1.102,0.092,0.09,0.089,0.089,0.088,0.093,0.729,1.411,0.709,1.232,0.734,1.325,0.095,0.089,0.09,0.09,0.088,0.093,0.093,0.724,0.094,0.73,0.669,0.091,0.092,0.089,0.089,0.089,0.088,0.087,0.088,0.086,0.089,0.085,0.088,0.089,0.087,0.087,0.088,0.088,0.089,0.086,0.087,0.09,0.088,0.087,0.087,0.088,0.085,0.089,0.092,0.087,0.085
16:44:10,0.089,0.093,0.092,0.091,0.089,0.091,0.091,0.091,0.087,0.089,0.087,0.086,0.095,1.242,1.493,0.758,1.437,1.176,0.753,0.093,0.088,0.089,0.088,0.085,0.093,1.481,0.754,1.376,0.7,1.203,1.289,0.091,0.087,0.088,0.088,0.087,0.094,0.766,1.606,0.975,1.185,1.23,1.128,0.092,0.09,0.089,0.089,0.088,0.093,0.752,1.414,0.74,1.229,0.752,1.325,0.095,0.089,0.09,0.09,0.088,0.093,0.093,0.729,0.094,0.758,0.689,0.091,0.092,0.089,0.089,0.089,0.088,0.087,0.089,0.086,0.089,0.085,0.088,0.089,0.087,0.087,0.088,0.088,0.089,0.086,0.087,0.09,0.088,0.087,0.087,0.088,0.085,0.089,0.092,0.087,0.085
16:59:10,0.089,0.093,0.092,0.091,0.089,0.091,0.091,0.091,0.087,0.089,0.087,0.086,0.095,1.24,1.515,0.784,1.462,1.174,0.775,0.093,0.088,0.089,0.088,0.085,0.093,1.5,0.785,1.4,0.727,1.232,1.288,0.091,0.088,0.088,0.088,0.087,0.094,0.791,1.62,0.975,1.202,1.227,1.154,0.092,0.09,0.089,0.089,0.088,0.093,0.775,1.417,0.762,1.226,0.774,1.324,0.095,0.089,0.09,0.09,0.088,0.093,0.093,0.758,0.094,0.775,0.714,0.091,0.092,0.089,0.089,0.089,0.088,0.087,0.088,0.086,0.089,0.085,0.088,0.089,0.087,0.087,0.088,0.088,0.089,0.086,0.087,0.09,0.088,0.087,0.087,0.088,0.085,0.089,0.092,0.087,0.085
17:14:10,0.089,0.093,0.092,0.091,0.089,0.091,0.091,0.091,0.087,0.089,0.087,0.086,0.095,1.238,1.53,0.807,1.485,1.168,0.799,0.093,0.088,0.089,0.088,0.085,0.093,1.518,0.801,1.423,0.75,1.265,1.286,0.091,0.088,0.088,0.088,0.087,0.094,0.809,1.646,0.973,1.218,1.223,1.162,0.092,0.09,0.089,0.089,0.088,0.093,0.799,1.419,0.788,1.223,0.795,1.324,0.095,0.089,0.09,0.09,0.088,0.093,0.093,0.767,0.094,0.794,0.738,0.091,0.092,0.089,0.089,0.089,0.088,0.087,0.089,0.086,0.089,0.085,0.088,0.089,0.087,0.087,0.088,0.088,0.089,0.086,0.087,0.09,0.088,0.087,0.087,0.088,0.085,0.089,0.092,0.087,0.085
17:29:10,0.09,0.093,0.092,0.091,0.089,0.091,0.091,0.091,0.087,0.089,0.087,0.086,0.095,1.24,1.553,0.826,1.516,1.165,0.833,0.093,0.088,0.089,0.088,0.085,0.093,1.541,0.838,1.442,0.794,1.296,1.285,0.091,0.088,0.088,0.088,0.087,0.094,0.836,1.671,0.975,1.241,1.221,1.19,0.092,0.09,0.089,0.089,0.088,0.093,0.829,1.42,0.809,1.221,0.82,1.323,0.095,0.089,0.09,0.09,0.088,0.093,0.093,0.806,0.094,0.824,0.772,0.091,0.092,0.089,0.089,0.089,0.088,0.087,0.089,0.086,0.089,0.086,0.088,0.089,0.087,0.087,0.088,0.088,0.089,0.086,0.087,0.09,0.088,0.087,0.087,0.088,0.085,0.089,0.092,0.087,0.085
17:44:10,0.09,0.093,0.092,0.091,0.089,0.091,0.091,0.091,0.087,0.089,0.087,0.086,0.095,1.235,1.57,0.851,1.542,1.156,0.842,0.093,0.088,0.089,0.088,0.085,0.093,1.558,0.851,1.463,0.794,1.322,1.281,0.091,0.088,0.089,0.088,0.087,0.094,0.858,1.693,0.972,1.252,1.218,1.214,0.092,0.09,0.089,0.089,0.088,0.093,0.847,1.421,0.841,1.216,0.84,1.318,0.095,0.089,0.09,0.09,0.088,0.093,0.093,0.815,0.094,0.836,0.782,0.091,0.092,0.089,0.089,0.089,0.088,0.087,0.089,0.086,0.089,0.086,0.088,0.089,0.087,0.087,0.088,0.088,0.089,0.086,0.088,0.09,0.088,0.087,0.087,0.088,0.085,0.089,0.092,0.087,0.085
17:59:10,0.089,0.093,0.092,0.091,0.089,0.091,0.091,0.091,0.087,0.089,0.087,0.086,0.095,1.235,1.588,0.874,1.566,1.15,0.872,0.093,0.088,0.089,0.088,0.085,0.093,1.583,0.87,1.487,0.824,1.35,1.279,0.091,0.087,0.088,0.088,0.087,0.094,0.877,1.714,0.971,1.27,1.213,1.242,0.092,0.09,0.089,0.089,0.088,0.093,0.859,1.422,0.848,1.213,0.862,1.316,0.095,0.089,0.09,0.09,0.088,0.093,0.093,0.839,0.094,0.858,0.813,0.091,0.092,0.089,0.089,0.089,0.088,0.087,0.088,0.086,0.089,0.085,0.088,0.089,0.087,0.087,0.088,0.088,0.089,0.086,0.087,0.09,0.088,0.087,0.087,0.088,0.085,0.089,0.092,0.087,0.085
18:14:10,0.089,0.093,0.092,0.091,0.089,0.091,0.091,0.091,0.087,0.089,0.087,0.086,0.095,1.233,1.603,0.894,1.592,1.143,0.886,0.093,0.088,0.089,0.088,0.085,0.093,1.601,0.892,1.507,0.833,1.371,1.274,0.091,0.088,0.088,0.088,0.087,0.094,0.898,1.737,0.968,1.285,1.21,1.254,0.092,0.09,0.089,0.089,0.088,0.093,0.884,1.423,0.875,1.209,0.876,1.312,0.095,0.089,0.09,0.09,0.088,0.093,0.093,0.848,0.094,0.87,0.825,0.091,0.092,0.089,0.089,0.089,0.088,0.087,0.088,0.086,0.089,0.085,0.088,0.089,0.087,0.087,0.088,0.088,0.089,0.086,0.087,0.09,0.088,0.087,0.087,0.088,0.085,0.089,0.092,0.087,0.085
18:29:10,0.089,0.093,0.092,0.091,0.089,0.091,0.091,0.091,0.087,0.089,0.087,0.086,0.095,1.232,1.627,0.914,1.615,1.135,0.906,0.093,0.088,0.089,0.088,0.085,0.093,1.624,0.91,1.539,0.857,1.403,1.271,0.091,0.088,0.088,0.088,0.087,0.094,0.92,1.759,0.965,1.309,1.204,1.281,0.092,0.09,0.089,0.089,0.088,0.093,0.906,1.424,0.897,1.205,0.901,1.308,0.095,0.089,0.09,0.09,0.088,0.093,0.093,0.866,0.094,0.885,0.841,0.091,0.092,0.089,0.089,0.089,0.088,0.087,0.089,0.086,0.089,0.085,0.088,0.089,0.087,0.087,0.088,0.088,0.089,0.086,0.087,0.09,0.088,0.087,0.087,0.088,0.085,0.089,0.092,0.087,0.085
18:44:10,0.089,0.093,0.092,0.091,0.089,0.091,0.091,0.091,0.087,0.089,0.087,0.086,0.095,1.23,1.643,0.939,1.634,1.127,0.927,0.093,0.088,0.089,0.088,0.085,0.093,1.645,0.932,1.557,0.875,1.426,1.267,0.091,0.087,0.088,0.088,0.087,0.094,0.937,1.778,0.961,1.323,1.2,1.3,0.092,0.09,0.089,0.089,0.088,0.093,0.929,1.424,0.918,1.201,0.922,1.305,0.095,0.089,0.09,0.09,0.088,0.093,0.093,0.88,0.094,0.901,0.857,0.091,0.092,0.089,0.089,0.089,0.088,0.087,0.089,0.086,0.089,0.085,0.088,0.089,0.087,0.087,0.088,0.088,0.089,0.086,0.087,0.09,0.088,0.087,0.087,0.088,0.085,0.089,0.092,0.087,0.085
18:59:10,0.089,0.093,0.092,0.091,0.089,0.091,0.091,0.091,0.087,0.089,0.087,0.086,0.095,1.229,1.666,0.965,1.65,1.121,0.942,0.093,0.088,0.089,0.088,0.085,0.093,1.666,0.954,1.581,0.902,1.447,1.263,0.091,0.088,0.088,0.088,0.087,0.094,0.962,1.796,0.958,1.341,1.196,1.323,0.092,0.09,0.089,0.089,0.088,0.093,0.949,1.425,0.941,1.197,0.942,1.301,0.095,0.089,0.09,0.09,0.088,0.093,0.093,0.899,0.094,0.919,0.873,0.091,0.092,0.089,0.089,0.089,0.088,0.087,0.089,0.086,0.089,0.085,0.088,0.089,0.087,0.087,0.088,0.088,0.089,0.086,0.087,0.09,0.088,0.087,0.087,0.088,0.085,0.089,0.092,0.087,0.085
19:14:10,0.089,0.093,0.092,0.091,0.089,0.091,0.091,0.091,0.087,0.089,0.087,0.086,0.095,1.229,1.677,0.989,1.666,1.116,0.97,0.093,0.088,0.089,0.088,0.085,0.093,1.688,0.981,1.596,0.93,1.465,1.26,0.091,0.088,0.089,0.088,0.087,0.094,0.986,1.818,0.956,1.361,1.191,1.341,0.092,0.09,0.089,0.089,0.088,0.093,0.974,1.425,0.954,1.192,0.957,1.297,0.095,0.089,0.09,0.09,0.088,0.093,0.093,0.922,0.094,0.941,0.895,0.091,0.092,0.089,0.089,0.089,0.088,0.087,0.089,0.086,0.089,0.086,0.088,0.089,0.087,0.087,0.088,0.088,0.089,0.086,0.088,0.09,0.088,0.087,0.087,0.088,0.085,0.089,0.092,0.087,0.085
19:29:10,0.089,0.093,0.092,0.091,0.089,0.091,0.091,0.091,0.087,0.089,0.087,0.086,0.095,1.226,1.684,1.01,1.677,1.107,0.981,0.093,0.088,0.089,0.088,0.085,0.093,1.708,1.002,1.616,0.946,1.488,1.256,0.091,0.088,0.088,0.088,0.087,0.094,1.005,1.827,0.95,1.371,1.186,1.352,0.092,0.09,0.089,0.089,0.088,0.093,0.994,1.424,0.986,1.187,0.981,1.292,0.095,0.089,0.09,0.09,0.088,0.093,0.093,0.934,0.094,0.951,0.908,0.091,0.092,0.089,0.089,0.089,0.088,0.087,0.089,0.086,0.089,0.086,0.088,0.089,0.087,0.087,0.088,0.088,0.089,0.086,0.087,0.09,0.088,0.087,0.087,0.088,0.085,0.089,0.092,0.087,0.085
19:44:10,0.089,0.093,0.092,0.091,0.089,0.091,0.091,0.091,0.087,0.089,0.087,0.086,0.095,1.224,1.695,1.032,1.685,1.1,1.011,0.093,0.088,0.089,0.088,0.085,0.093,1.726,1.026,1.627,0.965,1.504,1.251,0.091,0.088,0.088,0.088,0.087,0.094,1.027,1.847,0.947,1.393,1.181,1.374,0.092,0.09,0.089,0.089,0.088,0.093,1.012,1.425,1.002,1.182,1.002,1.287,0.095,0.089,0.09,0.09,0.088,0.093,0.093,0.95,0.094,0.966,0.929,0.091,0.092,0.089,0.089,0.089,0.088,0.087,0.089,0.086,0.089,0.085,0.088,0.089,0.087,0.087,0.088,0.088,0.089,0.086,0.087,0.09,0.088,0.087,0.087,0.088,0.085,0.089,0.092,0.087,0.085
19:59:10,0.089,0.093,0.092,0.091,0.089,0.091,0.091,0.091,0.087,0.089,0.087,0.086,0.095,1.223,1.702,1.048,1.695,1.092,1.024,0.093,0.088,0.089,0.088,0.085,0.093,1.743,1.038,1.645,0.988,1.514,1.246,0.091,0.087,0.088,0.088,0.087,0.094,1.046,1.85,0.941,1.408,1.176,1.386,0.092,0.09,0.089,0.089,0.088,0.093,1.03,1.423,1.016,1.177,1.019,1.282,0.095,0.089,0.09,0.09,0.088,0.093,0.093,0.96,0.094,0.974,0.938,0.091,0.092,0.089,0.089,0.089,0.088,0.087,0.089,0.086,0.089,0.085,0.088,0.089,0.087,0.087,0.088,0.088,0.089,0.086,0.087,0.09,0.088,0.087,0.087,0.088,0.085,0.089,0.092,0.087,0.085
20:14:10,0.089,0.093,0.092,0.091,0.089,0.091,0.091,0.091,0.087,0.089,0.087,0.086,0.095,1.222,1.707,1.069,1.696,1.084,1.051,0.093,0.088,0.089,0.088,0.085,0.093,1.757,1.061,1.659,1.01,1.526,1.242,0.091,0.088,0.088,0.088,0.087,0.094,1.065,1.861,0.938,1.419,1.171,1.403,0.092,0.09,0.089,0.089,0.088,0.093,1.053,1.423,1.038,1.171,1.04,1.278,0.095,0.089,0.09,0.09,0.088,0.093,0.093,0.971,0.094,0.986,0.953,0.091,0.092,0.089,0.089,0.089,0.088,0.087,0.089,0.086,0.088,0.085,0.088,0.089,0.087,0.087,0.088,0.088,0.089,0.086,0.087,0.09,0.088,0.087,0.087,0.088,0.085,0.089,0.092,0.087,0.085
20:29:10,0.089,0.093,0.092,0.091,0.089,0.091,0.091,0.091,0.087,0.089,0.087,0.086,0.095,1.219,1.709,1.087,1.7,1.074,1.069,0.093,0.088,0.089,0.088,0.085,0.093,1.768,1.081,1.665,1.029,1.536,1.236,0.091,0.087,0.088,0.088,0.087,0.094,1.089,1.867,0.93,1.433,1.165,1.419,0.092,0.09,0.089,0.089,0.088,0.093,1.072,1.422,1.06,1.163,1.056,1.273,0.095,0.089,0.09,0.09,0.088,0.093,0.093,0.976,0.094,0.992,0.961,0.091,0.092,0.089,0.089,0.089,0.088,0.087,0.089,0.086,0.089,0.085,0.088,0.089,0.087,0.087,0.088,0.088,0.089,0.086,0.087,0.09,0.088,0.087,0.087,0.088,0.085,0.089,0.092,0.087,0.085
20:44:10,0.089,0.093,0.092,0.091,0.089,0.091,0.091,0.091,0.087,0.089,0.087,0.086,0.095,1.22,1.713,1.111,1.702,1.068,1.092,0.093,0.088,0.089,0.088,0.085,0.093,1.778,1.1,1.677,1.049,1.538,1.231,0.091,0.088,0.089,0.088,0.087,0.094,1.106,1.874,0.926,1.453,1.16,1.427,0.092,0.09,0.089,0.089,0.088,0.093,1.091,1.421,1.079,1.157,1.075,1.268,0.095,0.089,0.09,0.09,0.088,0.093,0.093,0.989,0.094,1.004,0.974,0.091,0.092,0.089,0.089,0.089,0.088,0.087,0.089,0.086,0.089,0.086,0.088,0.089,0.087,0.087,0.088,0.088,0.089,0.086,0.088,0.09,0.088,0.087,0.087,0.088,0.085,0.089,0.092,0.087,0.085
20:59:10,0.089,0.093,0.092,0.091,0.089,0.091,0.091,0.091,0.087,0.089,0.087,0.086,0.095,1.219,1.715,1.127,1.703,1.061,1.111,0.093,0.088,0.089,0.088,0.085,0.093,1.783,1.12,1.684,1.073,1.547,1.226,0.091,0.087,0.088,0.088,0.087,0.094,1.125,1.878,0.921,1.465,1.153,1.435,0.092,0.09,0.089,0.089,0.088,0.093,1.111,1.42,1.091,1.151,1.094,1.263,0.095,0.089,0.09,0.09,0.088,0.093,0.093,1,0.094,1.013,0.985,0.091,0.092,0.089,0.089,0.089,0.088,0.087,0.088,0.086,0.088,0.085,0.088,0.089,0.087,0.087,0.088,0.088,0.089,0.086,0.087,0.09,0.088,0.087,0.087,0.088,0.085,0.089,0.092,0.087,0.085
21:14:10,0.089,0.093,0.092,0.091,0.089,0.091,0.091,0.091,0.087,0.089,0.087,0.086,0.095,1.212,1.718,1.142,1.706,1.051,1.127,0.093,0.088,0.089,0.088,0.085,0.093,1.79,1.136,1.686,1.086,1.551,1.22,0.091,0.088,0.088,0.088,0.087,0.094,1.146,1.879,0.913,1.476,1.146,1.446,0.092,0.09,0.089,0.089,0.088,0.093,1.132,1.419,1.114,1.142,1.109,1.257,0.095,0.089,0.09,0.09,0.088,0.093,0.093,1.004,0.094,1.015,0.992,0.091,0.092,0.089,0.089,0.089,0.088,0.087,0.089,0.086,0.089,0.085,0.088,0.089,0.087,0.087,0.088,0.088,0.089,0.086,0.087,0.09,0.088,0.087,0.087,0.088,0.085,0.089,0.092,0.087,0.085
21:29:10,0.09,0.093,0.092,0.091,0.089,0.091,0.091,0.091,0.087,0.089,0.087,0.087,0.095,1.21,1.72,1.158,1.708,1.039,1.147,0.093,0.088,0.089,0.088,0.085,0.093,1.795,1.152,1.688,1.106,1.558,1.214,0.091,0.088,0.089,0.088,0.087,0.094,1.16,1.878,0.906,1.483,1.139,1.457,0.092,0.09,0.089,0.089,0.088,0.093,1.15,1.417,1.129,1.132,1.126,1.25,0.095,0.089,0.09,0.09,0.088,0.093,0.093,1.009,0.094,1.02,0.999,0.091,0.092,0.089,0.089,0.089,0.088,0.087,0.089,0.086,0.089,0.086,0.088,0.089,0.087,0.087,0.088,0.088,0.089,0.086,0.087,0.09,0.088,0.087,0.087,0.088,0.085,0.089,0.092,0.087,0.085
21:44:10,0.089,0.093,0.092,0.091,0.089,0.091,0.091,0.091,0.087,0.089,0.087,0.086,0.095,1.209,1.72,1.179,1.708,1.029,1.164,0.093,0.088,0.089,0.088,0.085,0.093,1.801,1.167,1.694,1.121,1.561,1.207,0.091,0.088,0.088,0.088,0.087,0.094,1.181,1.88,0.898,1.492,1.131,1.467,0.092,0.09,0.089,0.089,0.088,0.093,1.17,1.416,1.145,1.124,1.137,1.244,0.095,0.089,0.09,0.09,0.088,0.093,0.093,1.014,0.094,1.023,1.006,0.091,0.092,0.089,0.089,0.089,0.088,0.087,0.089,0.086,0.089,0.086,0.088,0.089,0.087,0.087,0.088,0.088,0.089,0.086,0.087,0.09,0.088,0.087,0.087,0.088,0.085,0.089,0.092,0.087,0.085
21:59:10,0.089,0.093,0.092,0.091,0.089,0.091,0.091,0.091,0.087,0.089,0.087,0.086,0.095,1.212,1.721,1.193,1.706,1.022,1.189,0.093,0.088,0.089,0.088,0.085,0.093,1.804,1.181,1.702,1.14,1.567,1.2,0.091,0.088,0.088,0.088,0.087,0.094,1.195,1.879,0.894,1.501,1.124,1.469,0.092,0.09,0.089,0.089,0.088,0.093,1.181,1.414,1.16,1.117,1.158,1.238,0.095,0.089,0.09,0.09,0.088,0.093,0.093,1.024,0.094,1.034,1.016,0.091,0.092,0.089,0.089,0.089,0.088,0.087,0.089,0.086,0.089,0.085,0.087,0.089,0.087,0.087,0.088,0.088,0.089,0.086,0.087,0.09,0.088,0.087,0.087,0.088,0.085,0.089,0.092,0.087,0.085
22:14:10,0.089,0.093,0.092,0.091,0.089,0.091,0.091,0.091,0.087,0.089,0.087,0.086,0.095,1.21,1.722,1.213,1.706,1.012,1.202,0.093,0.088,0.089,0.088,0.085,0.093,1.806,1.198,1.699,1.156,1.567,1.193,0.091,0.087,0.088,0.088,0.087,0.094,1.212,1.878,0.884,1.505,1.116,1.476,0.092,0.09,0.089,0.089,0.088,0.093,1.2,1.413,1.175,1.106,1.172,1.232,0.095,0.089,0.09,0.09,0.088,0.093,0.093,1.028,0.094,1.037,1.019,0.091,0.092,0.089,0.089,0.089,0.088,0.087,0.088,0.086,0.089,0.085,0.088,0.089,0.087,0.087,0.088,0.088,0.089,0.086,0.087,0.09,0.088,0.087,0.087,0.088,0.085,0.089,0.092,0.087,0.085
22:29:10,0.089,0.093,0.092,0.091,0.089,0.091,0.091,0.091,0.087,0.089,0.087,0.086,0.095,1.21,1.723,1.227,1.706,1.003,1.22,0.093,0.088,0.089,0.088,0.085,0.093,1.809,1.213,1.701,1.177,1.566,1.186,0.091,0.087,0.088,0.088,0.087,0.094,1.23,1.879,0.878,1.512,1.109,1.48,0.092,0.09,0.089,0.089,0.088,0.093,1.215,1.411,1.183,1.097,1.19,1.224,0.095,0.089,0.09,0.09,0.088,0.093,0.093,1.035,0.094,1.044,1.027,0.091,0.092,0.089,0.089,0.089,0.088,0.087,0.088,0.086,0.089,0.085,0.087,0.089,0.087,0.087,0.088,0.088,0.089,0.086,0.087,0.09,0.088,0.087,0.087,0.088,0.085,0.089,0.092,0.087,0.085
22:44:10,0.089,0.093,0.092,0.091,0.089,0.091,0.091,0.091,0.087,0.089,0.087,0.086,0.095,1.211,1.723,1.244,1.706,0.992,1.238,0.093,0.088,0.089,0.088,0.085,0.093,1.81,1.23,1.7,1.195,1.568,1.178,0.091,0.088,0.088,0.088,0.087,0.094,1.242,1.877,0.869,1.515,1.101,1.485,0.092,0.09,0.089,0.089,0.088,0.093,1.236,1.409,1.202,1.087,1.202,1.217,0.095,0.089,0.09,0.09,0.088,0.093,0.094,1.04,0.094,1.046,1.034,0.091,0.092,0.089,0.089,0.089,0.088,0.087,0.088,0.086,0.089,0.085,0.088,0.089,0.087,0.087,0.088,0.088,0.089,0.086,0.087,0.09,0.088,0.087,0.087,0.088,0.085,0.089,0.092,0.087,0.085
22:59:10,0.089,0.093,0.092,0.091,0.089,0.091,0.091,0.091,0.087,0.089,0.087,0.086,0.095,1.21,1.723,1.258,1.705,0.982,1.248,0.093,0.088,0.089,0.088,0.085,0.093,1.811,1.243,1.702,1.208,1.568,1.171,0.091,0.088,0.088,0.088,0.087,0.094,1.256,1.876,0.858,1.519,1.091,1.487,0.092,0.09,0.089,0.089,0.088,0.093,1.256,1.406,1.215,1.076,1.216,1.208,0.095,0.089,0.09,0.09,0.088,0.093,0.093,1.042,0.094,1.049,1.036,0.091,0.092,0.089,0.089,0.089,0.088,0.087,0.088,0.086,0.089,0.086,0.088,0.089,0.087,0.087,0.088,0.088,0.089,0.086,0.087,0.09,0.088,0.087,0.087,0.088,0.085,0.089,0.092,0.087,0.085
23:14:10,0.089,0.093,0.092,0.091,0.089,0.091,0.091,0.091,0.087,0.089,0.087,0.086,0.095,1.216,1.724,1.272,1.704,0.975,1.278,0.093,0.088,0.089,0.088,0.085,0.093,1.813,1.26,1.704,1.226,1.574,1.164,0.091,0.088,0.088,0.088,0.087,0.094,1.274,1.877,0.853,1.523,1.085,1.49,0.092,0.09,0.089,0.089,0.088,0.093,1.275,1.403,1.23,1.069,1.233,1.201,0.095,0.089,0.09,0.09,0.088,0.093,0.093,1.051,0.094,1.057,1.046,0.091,0.092,0.089,0.089,0.089,0.088,0.087,0.089,0.086,0.089,0.085,0.088,0.089,0.087,0.087,0.088,0.088,0.089,0.086,0.087,0.09,0.088,0.087,0.087,0.088,0.085,0.089,0.092,0.087,0.085
23:29:10,0.09,0.093,0.092,0.091,0.089,0.091,0.091,0.091,0.087,0.089,0.087,0.086,0.095,1.215,1.722,1.288,1.703,0.965,1.276,0.093,0.088,0.089,0.088,0.085,0.093,1.814,1.28,1.705,1.245,1.571,1.156,0.091,0.088,0.088,0.088,0.087,0.094,1.286,1.877,0.841,1.524,1.076,1.492,0.092,0.09,0.089,0.089,0.088,0.093,1.282,1.4,1.25,1.059,1.247,1.192,0.095,0.089,0.09,0.09,0.088,0.093,0.093,1.051,0.094,1.058,1.048,0.091,0.092,0.089,0.089,0.089,0.088,0.087,0.089,0.086,0.089,0.086,0.088,0.089,0.087,0.087,0.088,0.088,0.089,0.086,0.088,0.09,0.088,0.087,0.087,0.088,0.085,0.089,0.092,0.087,0.085
