"","treatment","microbe","gland","reliability","used.model","log.x","log.y","nboot.gc","mu.model","lambda.model","A.model","integral.model","stdmu.model","stdlambda.model","stdA.model","ci90.mu.model.lo","ci90.mu.model.up","ci90.lambda.model.lo","ci90.lambda.model.up","ci90.A.model.lo","ci90.A.model.up","ci95.mu.model.lo","ci95.mu.model.up","ci95.lambda.model.lo","ci95.lambda.model.up","ci95.A.model.lo","ci95.A.model.up","mu.spline","lambda.spline","A.spline","integral.spline","mu.bt","lambda.bt","A.bt","integral.bt","stdmu.bt","stdlambda.bt","stdA.bt","stdintegral.bt","ci90.mu.bt.lo","ci90.mu.bt.up","ci90.lambda.bt.lo","ci90.lambda.bt.up","ci90.A.bt.lo","ci90.A.bt.up","ci90.integral.bt.lo","ci90.integral.bt.up","ci95.mu.bt.lo","ci95.mu.bt.up","ci95.lambda.bt.lo","ci95.lambda.bt.up","ci95.A.bt.lo","ci95.A.bt.up","ci95.integral.bt.lo","ci95.integral.bt.up"
"1","low","Ecoli","dufours",TRUE,"richards",FALSE,FALSE,0,0.00220228959570271,915.498804455193,0.706032573373609,1314.05697537458,0.000164968946963336,17.581736633939,0.00386230152457398,0.00193091567794802,0.0024736635134574,886.576847692363,944.420761218023,0.699679087365685,0.712386059381533,0.00187895045965457,0.00252562873175085,881.038600652673,949.959008257713,0.698462462385444,0.713602684361774,0.00229505486654445,946.023612536794,0.761527416598578,1307.4085297874,NA,NA,NA,NA,NA,NA,NA,NA,NA,NA,NA,NA,NA,NA,NA,NA,NA,NA,NA,NA,NA,NA,NA,NA
"2","low","Smarcescens","sternal",TRUE,"richards",FALSE,FALSE,0,0.00311065336398527,266.245966626226,1.78140330393915,4078.14878042922,4.78248552882731e-05,4.05109575707584,0.00349442080659394,0.00303198147703606,0.00318932525093448,259.581914105836,272.910019146616,1.7756549817123,1.78715162616599,0.00301691664762026,0.00320439008035029,258.305818942358,274.186114310095,1.77455423915822,1.78825236872007,0.00344319878562258,301.11522405615,1.81767029029708,4077.93956255075,NA,NA,NA,NA,NA,NA,NA,NA,NA,NA,NA,NA,NA,NA,NA,NA,NA,NA,NA,NA,NA,NA,NA,NA
"3","medium","Ecoli","dufours",TRUE,"gompertz",FALSE,FALSE,0,0.000740079404114164,1376.02188042088,0.062330409228569,91.6326072674707,0.000492809208153901,30.8546300587106,0.00248002793880533,-7.05917432990042e-05,0.00155075055152733,1325.2660139743,1426.77774686746,0.0582507632692343,0.0664100551879038,-0.000225826643867483,0.00170598545209581,1315.54680550581,1436.49695533595,0.0574695544685106,0.0671912639886275,0.00104340555126664,1385.01927779367,0.122182282425629,92.1758086523359,NA,NA,NA,NA,NA,NA,NA,NA,NA,NA,NA,NA,NA,NA,NA,NA,NA,NA,NA,NA,NA,NA,NA,NA
"4","high","Ecoli","sternal",TRUE,"logistic",FALSE,FALSE,0,0.00198518604381494,403.315858708539,0.749478044075182,1725.82904136181,0.000168035212103021,18.2581178738465,0.00638786502950173,0.00170876811990547,0.00226160396772441,373.281254806061,433.350462611016,0.738970006101651,0.759986082048712,0.00165583702809302,0.00231453505953686,367.5299476758,439.101769741278,0.736957828617358,0.761998259533005,0.0019499215171855,385.376411844084,0.837102863649141,1725.36916265378,NA,NA,NA,NA,NA,NA,NA,NA,NA,NA,NA,NA,NA,NA,NA,NA,NA,NA,NA,NA,NA,NA,NA,NA
"5","control","Ecoli","sternal",TRUE,"logistic",FALSE,FALSE,0,0.00170617157597601,724.256189590556,1.156066963725,2117.46322711058,5.03369884971966e-05,11.2899547499245,0.00574484854860764,0.00162336722989812,0.0017889759220539,705.684214026931,742.828165154182,1.14661668786254,1.16551723958746,0.00160751107852151,0.00180483207343052,702.127878280704,746.384500900408,1.14480706056973,1.16732686688027,0.00251029493030261,810.857826173297,1.23587234344198,2111.58396740347,NA,NA,NA,NA,NA,NA,NA,NA,NA,NA,NA,NA,NA,NA,NA,NA,NA,NA,NA,NA,NA,NA,NA,NA
"6","control","Smarcescens","sternal",TRUE,"richards",FALSE,FALSE,0,0.00295863754864593,306.452676948592,1.6124385502597,3704.98574195209,4.82491313547441e-05,5.22465819151124,0.00347338443979311,0.00287926772756737,0.00303800736972448,297.858114223556,315.047239673628,1.60672483285624,1.61815226766316,0.00286406925119063,0.00305320584610123,296.21234689323,316.693007003954,1.6056307167577,1.61924638376169,0.00354185624466918,361.222949454837,1.64818160609799,3701.8672691657,NA,NA,NA,NA,NA,NA,NA,NA,NA,NA,NA,NA,NA,NA,NA,NA,NA,NA,NA,NA,NA,NA,NA,NA
"7","low","Smarcescens","sternal",TRUE,"richards",FALSE,FALSE,0,0.00310046342725435,285.359079068401,1.68346758251778,3885.42113851228,5.30527461877846e-05,5.08363900944691,0.00379790076677064,0.00301319165977544,0.00318773519473326,276.996492897861,293.721665238941,1.67722003575645,1.68971512927912,0.00299648004472629,0.00320444680978241,275.395146609885,295.323011526917,1.67602369701491,1.69091146802066,0.0036797074808341,337.655297722258,1.73146794229705,3883.8009108554,NA,NA,NA,NA,NA,NA,NA,NA,NA,NA,NA,NA,NA,NA,NA,NA,NA,NA,NA,NA,NA,NA,NA,NA
"8","control","Ecoli","dufours",TRUE,"richards",FALSE,FALSE,0,0.00144793867434423,689.022955565281,1.20227785114214,2112.43798925742,2.81483670770806e-05,9.28551929207114,0.00545145029697634,0.00140163461050243,0.00149424273818603,673.748276329824,704.297634800738,1.19331021540362,1.21124548688067,0.00139276787487315,0.00150310947381531,670.823337752821,707.22257337774,1.19159300856007,1.21296269372422,0.00159037372342781,693.965150165429,1.26642147531418,2109.46073100793,NA,NA,NA,NA,NA,NA,NA,NA,NA,NA,NA,NA,NA,NA,NA,NA,NA,NA,NA,NA,NA,NA,NA,NA
"9","medium","Ecoli","dufours",TRUE,"gompertz",FALSE,FALSE,0,0.00110528548247791,1056.79833395013,0.250225370950804,427.095805107686,0.000124609625587935,13.9372056640425,0.00266605425951933,0.000900302648385756,0.00131026831657006,1033.87163063278,1079.72503726748,0.245839711693895,0.254611030207714,0.000861050616325556,0.00134952034863026,1029.48141084861,1084.11525705166,0.244999904602146,0.255450837299462,0.00145967875299464,1064.0743004656,0.296851674816657,427.471580164444,NA,NA,NA,NA,NA,NA,NA,NA,NA,NA,NA,NA,NA,NA,NA,NA,NA,NA,NA,NA,NA,NA,NA,NA
"10","high","Ecoli","sternal",TRUE,"gompertz",FALSE,FALSE,0,0.00110804451738583,337.213428276003,0.831573828369469,1764.9332663506,2.36213940103893e-05,8.46368102196884,0.00312504223585216,0.00106918732423874,0.00114690171053292,323.290672994864,351.136183557142,0.826433133891492,0.836714522847446,0.00106174658512546,0.00115434244964619,320.624613472944,353.802243079062,0.825448745587199,0.837698911151739,0.0014963339194299,383.384608729069,0.865618051707819,1762.88742706148,NA,NA,NA,NA,NA,NA,NA,NA,NA,NA,NA,NA,NA,NA,NA,NA,NA,NA,NA,NA,NA,NA,NA,NA
"11","low","Ecoli","sternal",TRUE,"richards",FALSE,FALSE,0,0.00189715821634132,478.895254743133,0.832121537398982,1812.1177555745,5.78564718002333e-05,7.62578213497008,0.00302413493463312,0.00180198432022994,0.00199233211245271,466.350843131108,491.439666355159,0.827146835431511,0.837096239366454,0.00178375953161287,0.00201055690106978,463.948721758592,493.841787727675,0.826194232927101,0.838048841870863,0.00178661253918739,457.761045242787,0.871944868239136,1811.28694072891,NA,NA,NA,NA,NA,NA,NA,NA,NA,NA,NA,NA,NA,NA,NA,NA,NA,NA,NA,NA,NA,NA,NA,NA
"12","low","Smarcescens","dufours",TRUE,"richards",FALSE,FALSE,0,0.00344755213635982,400.779042017385,1.25358648551715,2873.19738751002,0.000107874920798904,6.20016987930225,0.00399055904647195,0.00327009789164562,0.00362500638107401,390.579762565933,410.978321468837,1.2470220158857,1.2601509551486,0.00323611729159397,0.00365898698112567,388.626709053952,412.931374980817,1.24576498978607,1.26140798124824,0.00454859293171674,435.78092048118,1.30847156752867,2877.22307631151,NA,NA,NA,NA,NA,NA,NA,NA,NA,NA,NA,NA,NA,NA,NA,NA,NA,NA,NA,NA,NA,NA,NA,NA
"13","high","Ecoli","sternal",TRUE,"logistic",FALSE,FALSE,0,0.0022317312147719,415.949910931086,0.684156034929951,1591.15235066403,0.000213579427350594,16.7859555187313,0.0058249750327455,0.00188039305678018,0.00258306937276363,388.337014102773,443.562807759399,0.674573951001084,0.693738118858817,0.00181311553716474,0.00265034689237907,383.049438114373,448.850383747799,0.67273908386577,0.695572985994132,0.00211119875909625,397.482734543954,0.761553621966187,1592.63025160564,NA,NA,NA,NA,NA,NA,NA,NA,NA,NA,NA,NA,NA,NA,NA,NA,NA,NA,NA,NA,NA,NA,NA,NA
"14","medium","Ecoli","sternal",TRUE,"logistic",FALSE,FALSE,0,0.00228146655874691,464.885409030228,0.766338897972005,1733.54454186397,0.000186234668376812,15.6768290433524,0.00595230555330307,0.00197511052926706,0.00258782258822677,439.097025253914,490.673792806543,0.756547355336821,0.776130440607188,0.00191644660872836,0.00264648650876547,434.158824105258,495.611993955199,0.754672379087531,0.778005416856479,0.00201042355852483,435.523221492291,0.837831693797864,1732.39450858986,NA,NA,NA,NA,NA,NA,NA,NA,NA,NA,NA,NA,NA,NA,NA,NA,NA,NA,NA,NA,NA,NA,NA,NA
"15","medium","Ecoli","sternal",TRUE,"richards",FALSE,FALSE,0,0.00204135291235296,440.8817877706,0.815301326359562,1829.59423617177,8.99300268201111e-05,10.5384774262334,0.00392228926731607,0.00189341801823388,0.00218928780647205,423.545992404446,458.217583136754,0.808849160514827,0.821753492204297,0.00186509005978555,0.00221761576492038,420.226372015183,461.537203526018,0.807613639395622,0.822989013323501,0.00205597336867183,429.963142564057,0.860061095403238,1828.91889713188,NA,NA,NA,NA,NA,NA,NA,NA,NA,NA,NA,NA,NA,NA,NA,NA,NA,NA,NA,NA,NA,NA,NA,NA
"16","high","Ecoli","dufours",TRUE,"gompertz",FALSE,FALSE,0,0.000544017295792447,1372.16543564228,0.0610226928726844,88.9558567710789,0.000395793101563717,44.8162652247354,0.00310437434290014,-0.000107062356279867,0.00119509694786476,1298.44267934759,1445.88819193697,0.0559159970786136,0.0661293886667551,-0.000231737183272438,0.00131977177485733,1284.32555580179,1460.00531548276,0.0549381191606001,0.0671072665847686,0.000349035392532152,1356.47941878961,0.109517289278852,89.6100654585363,NA,NA,NA,NA,NA,NA,NA,NA,NA,NA,NA,NA,NA,NA,NA,NA,NA,NA,NA,NA,NA,NA,NA,NA
"17","high","Smarcescens","dufours",TRUE,"gompertz",FALSE,FALSE,0,0.00134011863915727,573.473490855052,0.37851193816921,816.693806737154,0.000180809931904254,20.8129035436169,0.00479286101361582,0.00104268630117477,0.00163755097713977,539.236264525802,607.710717184302,0.370627681801812,0.386396194536608,0.000985731172624929,0.00169450610568961,532.680199909563,614.266781800541,0.369117930582523,0.387905945755897,0.00210205559983383,598.091297396165,0.451221292038035,816.581538547641,NA,NA,NA,NA,NA,NA,NA,NA,NA,NA,NA,NA,NA,NA,NA,NA,NA,NA,NA,NA,NA,NA,NA,NA
"18","low","Ecoli","dufours",TRUE,"logistic",FALSE,FALSE,0,0.00158440569189758,904.218426491168,0.745610970593631,1308.90257780848,6.18256169832167e-05,10.4375179732362,0.00394379731752724,0.00148270255196018,0.00168610883183497,887.048709425194,921.388143557141,0.739123424006299,0.752098517180963,0.00146322748261047,0.00170558390118468,883.760891263625,924.675961718711,0.737881127851278,0.753340813335985,0.00253627769848673,1024.06313856444,0.851767114003665,1310.11126837724,NA,NA,NA,NA,NA,NA,NA,NA,NA,NA,NA,NA,NA,NA,NA,NA,NA,NA,NA,NA,NA,NA,NA,NA
"19","high","Smarcescens","sternal",TRUE,"logistic",FALSE,FALSE,0,0.00409787187052773,319.452916966274,1.79925027627933,4237.39407534598,9.76136985923423e-05,5.9688129287888,0.00464260109519709,0.00393729733634333,0.00425844640471214,309.634219698416,329.271614234131,1.79161319747773,1.80688735508092,0.00390654902128674,0.00428919471976872,307.754043625848,331.1517903067,1.79015077813274,1.80834977442591,0.00547924149390866,388.768952832171,1.85612074702118,4235.83851703807,NA,NA,NA,NA,NA,NA,NA,NA,NA,NA,NA,NA,NA,NA,NA,NA,NA,NA,NA,NA,NA,NA,NA,NA
"20","medium","Smarcescens","dufours",TRUE,"gompertz",FALSE,FALSE,0,0.00296524762745817,440.422071396653,0.991558798658179,2241.47282162465,0.000147790776855619,9.08544853400928,0.00497581629801302,0.00272213179953068,0.00320836345538567,425.476508558207,455.367634235098,0.983373580847947,0.99974401646841,0.00267557770482116,0.00325491755009519,422.614592269994,458.229550523311,0.981806198714073,1.00131139860228,0.00430474585109279,14.8855988579717,1.06066534109534,2241.30914895406,NA,NA,NA,NA,NA,NA,NA,NA,NA,NA,NA,NA,NA,NA,NA,NA,NA,NA,NA,NA,NA,NA,NA,NA
"21","medium","Smarcescens","sternal",TRUE,"gompertz",FALSE,FALSE,0,0.00338708802087165,264.325151342172,1.7780118055405,4135.819584191,6.28522600545822e-05,5.259288699203,0.00428651917636418,0.00328369605308187,0.00349047998866144,255.673621431983,272.97668125236,1.77096048149538,1.78506312958562,0.00326389759116467,0.00351027845057863,254.016945491734,274.633357192609,1.76961022795482,1.78641338312617,0.00430825828623784,339.223329560011,1.82784877543352,4135.45656364741,NA,NA,NA,NA,NA,NA,NA,NA,NA,NA,NA,NA,NA,NA,NA,NA,NA,NA,NA,NA,NA,NA,NA,NA
"22","control","Smarcescens","dufours",TRUE,"richards",FALSE,FALSE,0,0.00318983388976707,279.11455787661,1.71701565545048,3943.70417069798,4.72116302905327e-05,3.66317204450842,0.00308258660413504,0.00311217075793914,0.00326749702159499,273.088639863394,285.140475889826,1.71194480048668,1.72208651041429,0.00309729909439762,0.00328236868513651,271.934740669373,286.294375083846,1.71097378570638,1.72305752519459,0.00371056786175954,266.190832823127,1.75025873396539,3943.68373180359,NA,NA,NA,NA,NA,NA,NA,NA,NA,NA,NA,NA,NA,NA,NA,NA,NA,NA,NA,NA,NA,NA,NA,NA
"23","control","Ecoli","sternal",TRUE,"logistic",FALSE,FALSE,0,0.00140577055523606,720.305580822373,1.15932332923234,2042.12495665952,3.45127319516346e-05,11.3468201579611,0.00572569993400581,0.00134899711117562,0.0014625439992965,701.640061662527,738.971099982219,1.1499045528409,1.16874210562377,0.00133812560061085,0.00147341550986126,698.065813312769,742.545348331977,1.14810095736168,1.17054570110299,0.00147324694057051,688.91985263456,1.24189959830355,2033.2666031453,NA,NA,NA,NA,NA,NA,NA,NA,NA,NA,NA,NA,NA,NA,NA,NA,NA,NA,NA,NA,NA,NA,NA,NA
"24","control","Smarcescens","dufours",TRUE,"richards",FALSE,FALSE,0,0.0029818875801366,278.949843552754,1.6600724847329,3821.67850859691,4.19087846621653e-05,4.14158558204219,0.00311246635914022,0.00291294762936733,0.00305082753090586,272.136935270295,285.762751835214,1.65495247757211,1.66519249189368,0.00289974636219875,0.00306402879807444,270.832335811952,287.067351293557,1.65397205066898,1.66617291879681,0.00322640607827749,248.713824491205,1.69325865086966,3819.89316700678,NA,NA,NA,NA,NA,NA,NA,NA,NA,NA,NA,NA,NA,NA,NA,NA,NA,NA,NA,NA,NA,NA,NA,NA
"25","low","Smarcescens","sternal",TRUE,"richards",FALSE,FALSE,0,0.00324665581746819,286.884824944115,1.74788780122822,4037.15772701322,6.57728422941136e-05,5.9971563414361,0.00464201524450233,0.00313845949189438,0.00335485214304201,277.019502762453,296.750147125778,1.74025168615101,1.75552391630542,0.00311774104657173,0.00337557058836466,275.1303985149,298.63925137333,1.73878945134899,1.75698615110744,0.00384989736869642,332.351938016499,1.80388847046917,4035.48824640974,NA,NA,NA,NA,NA,NA,NA,NA,NA,NA,NA,NA,NA,NA,NA,NA,NA,NA,NA,NA,NA,NA,NA,NA
"26","medium","Smarcescens","dufours",TRUE,"gompertz",FALSE,FALSE,0,0.0031063449659221,503.589010096532,0.774863742313606,1740.86794770842,0.000272010747144327,11.9547075183928,0.0058043993217067,0.00265888728686968,0.00355380264497452,483.923516228776,523.254503964288,0.765315505429399,0.784411979197814,0.00257320390151922,0.00363948603032498,480.157783360483,527.020236832582,0.763487119643061,0.786240364984152,0.0038295021184596,510.569606216875,0.885388368880048,1740.69696813815,NA,NA,NA,NA,NA,NA,NA,NA,NA,NA,NA,NA,NA,NA,NA,NA,NA,NA,NA,NA,NA,NA,NA,NA
"27","control","Ecoli","dufours",TRUE,"logistic",FALSE,FALSE,0,0.00171605198338448,863.639334658649,1.25937623048522,2095.8521621097,2.04955522213412e-05,4.92373909928614,0.00288784238499128,0.00168233679998038,0.00174976716678859,855.539783840324,871.738885476975,1.25462572976191,1.26412673120853,0.00167588070103066,0.00175622326573831,853.988806024049,873.28986329325,1.25371605941064,1.2650364015598,0.00211318864667107,890.109597213973,1.27992849965219,2089.25056616965,NA,NA,NA,NA,NA,NA,NA,NA,NA,NA,NA,NA,NA,NA,NA,NA,NA,NA,NA,NA,NA,NA,NA,NA
"28","control","Ecoli","dufours",TRUE,"logistic",FALSE,FALSE,0,0.001866519620022,937.601389314424,1.230328442754,2002.6625748652,2.6164995545421e-05,5.20537260691186,0.00310319708872673,0.00182347820234978,0.00190956103769421,929.038551376054,946.164227252794,1.22522368354305,1.23543320196496,0.00181523622875297,0.00191780301129102,927.398859004877,947.803919623971,1.2242461764601,1.23641070904791,0.0020268185208104,1014.23182617131,1.25280926026291,1995.68650575611,NA,NA,NA,NA,NA,NA,NA,NA,NA,NA,NA,NA,NA,NA,NA,NA,NA,NA,NA,NA,NA,NA,NA,NA
"29","control","Smarcescens","dufours",TRUE,"richards",FALSE,FALSE,0,0.00309649332428356,274.202038155653,1.66437231997375,3861.23721631865,5.80809017180785e-05,5.42692803713373,0.00405828462696925,0.00300095024095732,0.0031920364076098,265.274741534568,283.129334776738,1.65769644176238,1.67104819818511,0.00298265475691612,0.00321033189165099,263.565259202871,284.838817108435,1.65641808210489,1.67232655784261,0.00348737773743882,315.529265248343,1.71023310953147,3859.41379955006,NA,NA,NA,NA,NA,NA,NA,NA,NA,NA,NA,NA,NA,NA,NA,NA,NA,NA,NA,NA,NA,NA,NA,NA
"30","high","Smarcescens","sternal",TRUE,"richards",FALSE,FALSE,0,0.00343923445377176,286.438493329443,1.79861194530079,4186.59646654443,8.15868278465054e-05,7.2203746449907,0.00544844032872044,0.00330502412196426,0.00357344478557926,274.560977038433,298.316009620453,1.78964926096004,1.80757462964153,0.00327932427119261,0.00359914463635091,272.286559025261,300.590427633625,1.7879330022565,1.80929088834508,0.00519129625939983,396.562421677912,1.86446987955226,4183.62300823655,NA,NA,NA,NA,NA,NA,NA,NA,NA,NA,NA,NA,NA,NA,NA,NA,NA,NA,NA,NA,NA,NA,NA,NA
"31","control","Ecoli","sternal",TRUE,"richards",FALSE,FALSE,0,0.00157690347946541,858.426744874794,1.18661317647727,1949.7457906601,1.74549632765962e-05,5.0016774360344,0.00285885524404203,0.00154819006487541,0.00160561689405542,850.198985492518,866.654504257071,1.18191035960082,1.19131599335372,0.00154269175144329,0.00161111520748754,848.623457100167,868.230032649422,1.18100982019895,1.1922165327556,0.00168158323363183,850.963468363173,1.20386544900884,1945.90580788216,NA,NA,NA,NA,NA,NA,NA,NA,NA,NA,NA,NA,NA,NA,NA,NA,NA,NA,NA,NA,NA,NA,NA,NA
"32","high","Ecoli","sternal",TRUE,"gompertz",FALSE,FALSE,0,0.00130045999035322,361.919815987261,0.723613249577117,1599.35073400141,5.28099772565055e-05,12.1552046545763,0.00409494519877719,0.00121358757776627,0.00138733240294017,341.924504330483,381.915127644039,0.716877064725128,0.730349434429105,0.00119695243493047,0.00140396754577597,338.095614864292,385.744017110231,0.715587156987514,0.73163934216672,0.00146547267468427,379.974669093479,0.779908450828543,1602.02476716873,NA,NA,NA,NA,NA,NA,NA,NA,NA,NA,NA,NA,NA,NA,NA,NA,NA,NA,NA,NA,NA,NA,NA,NA
"33","control","Smarcescens","dufours",TRUE,"gompertz",FALSE,FALSE,0,0.00358982305773182,283.889241301508,1.73287543993164,4039.37658445093,6.17242034150486e-05,4.49236007705117,0.00366835951180162,0.00348828674311406,0.00369135937234957,276.499308974758,291.279173628257,1.72684098853473,1.73890989132856,0.00346884361903832,0.00371080249642531,275.084215550487,292.694267052528,1.72568545528851,1.74006542457478,0.00446785339882619,339.891453686334,1.77619744572264,4039.52665724856,NA,NA,NA,NA,NA,NA,NA,NA,NA,NA,NA,NA,NA,NA,NA,NA,NA,NA,NA,NA,NA,NA,NA,NA
"34","control","Smarcescens","sternal",TRUE,"gompertz",FALSE,FALSE,0,0.00315948317141776,262.322109411244,1.72845296768279,4001.80850227743,4.77142607778186e-05,4.45412501495828,0.00349192060229925,0.00308099321243825,0.00323797313039727,254.995073761638,269.64914506085,1.72270875829201,1.73419717707357,0.00306596322029324,0.00325300312254229,253.592024381926,271.052194440562,1.72160880330228,1.73529713206329,0.00365880373001546,246.796774287621,1.76271123706462,4001.20695118074,NA,NA,NA,NA,NA,NA,NA,NA,NA,NA,NA,NA,NA,NA,NA,NA,NA,NA,NA,NA,NA,NA,NA,NA
"35","medium","Ecoli","sternal",TRUE,"logistic",FALSE,FALSE,0,0.00207788285409466,440.251600043281,0.758897794662271,1724.22936348841,0.000105410943568057,10.5875146193231,0.00383319178881384,0.0019044818519252,0.00225128385626411,422.835138494494,457.668061592067,0.752592194169673,0.76520339515487,0.00187127740470126,0.00228448830348805,419.500071389408,461.003128697154,0.751384738756196,0.766410850568346,0.00193075411050933,415.382277378949,0.814441844666263,1722.25954953894,NA,NA,NA,NA,NA,NA,NA,NA,NA,NA,NA,NA,NA,NA,NA,NA,NA,NA,NA,NA,NA,NA,NA,NA
"36","high","Ecoli","dufours",TRUE,"logistic",FALSE,FALSE,0,0.000385026410253781,1298.43779808339,0.0956774120951714,140.867259544701,6.8650313483426e-05,25.3099443231747,0.00174545022034593,0.000272096644573545,0.000497956175934016,1256.80293967177,1340.07265649502,0.0928061464827024,0.0985486777076405,0.000250471795826266,0.000519581024681295,1248.83030720997,1348.04528895682,0.0922563296632934,0.0990984945270495,0.000397435380347933,1270.556627161,0.127827758446385,140.873089086074,NA,NA,NA,NA,NA,NA,NA,NA,NA,NA,NA,NA,NA,NA,NA,NA,NA,NA,NA,NA,NA,NA,NA,NA
"37","high","Ecoli","dufours",TRUE,"logistic",FALSE,FALSE,0,0.000478816107804463,1373.99648601667,0.0615114739519117,89.6081014311415,0.000182242831166676,28.0257107040513,0.00166888299717896,0.000179026650535281,0.000778605565073644,1327.8941919085,1420.09878012483,0.0587661614215523,0.064256786482271,0.000121620158717778,0.000836012056891147,1319.06609303673,1428.92687899661,0.0582404632774409,0.0647824846263824,0.000449679971855237,1363.13031785666,0.0927041693073645,89.7619031678698,NA,NA,NA,NA,NA,NA,NA,NA,NA,NA,NA,NA,NA,NA,NA,NA,NA,NA,NA,NA,NA,NA,NA,NA
"38","medium","Smarcescens","sternal",TRUE,"gompertz",FALSE,FALSE,0,0.00321062411704564,259.999265685719,1.79374408164491,4145.0439446075,5.18869335755982e-05,4.86399667637856,0.00393550478473017,0.00312527011131378,0.0032959781227775,251.997991153076,268.000540218362,1.78727017627403,1.80021798701579,0.00310892572723747,0.00331232250685382,250.465832200017,269.532699171421,1.78603049226684,1.80145767102298,0.0040794103736702,338.570600518105,1.83453492037371,4144.54921196412,NA,NA,NA,NA,NA,NA,NA,NA,NA,NA,NA,NA,NA,NA,NA,NA,NA,NA,NA,NA,NA,NA,NA,NA
"39","medium","Ecoli","dufours",TRUE,"logistic",FALSE,FALSE,0,0.00134204107048364,1054.5881640196,0.53618674333601,879.692640385303,3.67491977146355e-05,6.22676338426423,0.00187261449274841,0.00128158864024307,0.00140249350072422,1044.34513825248,1064.83118978671,0.533106292495438,0.539267194176581,0.00127001264296296,0.00141406949800433,1042.38370778644,1066.79262025276,0.532516418930223,0.539857067741796,0.00176749540938618,1162.07970802675,0.567958940319435,878.233807764679,NA,NA,NA,NA,NA,NA,NA,NA,NA,NA,NA,NA,NA,NA,NA,NA,NA,NA,NA,NA,NA,NA,NA,NA
"40","high","Smarcescens","dufours",TRUE,"gompertz",FALSE,FALSE,0,0.00168690561739921,513.646132132148,0.619893237993743,1344.01316171785,0.000118896139379729,14.0840407914148,0.00476391211166839,0.00149132146811956,0.00188248976667887,490.477885030271,536.814379234025,0.612056602570049,0.627729873417438,0.00145386918421494,0.00191994205058348,486.041412180975,541.250852083321,0.610555970254873,0.629230505732613,0.00238277241723658,532.413869772356,0.679223386790264,1343.26706025565,NA,NA,NA,NA,NA,NA,NA,NA,NA,NA,NA,NA,NA,NA,NA,NA,NA,NA,NA,NA,NA,NA,NA,NA
"41","medium","Ecoli","sternal",TRUE,"logistic",FALSE,FALSE,0,0.00214605287409075,458.68692611611,0.731525046381247,1657.50025423148,0.000157598330230637,14.3109209731749,0.00514975425103509,0.00188680362086135,0.00240530212732014,435.145461115238,482.228391116983,0.723053700638294,0.7399963921242,0.0018371601468387,0.00245494560134279,430.637521008687,486.736331223533,0.721431528049218,0.741618564713276,0.00191572922063231,431.044280861364,0.828395638484284,1657.01947939659,NA,NA,NA,NA,NA,NA,NA,NA,NA,NA,NA,NA,NA,NA,NA,NA,NA,NA,NA,NA,NA,NA,NA,NA
"42","low","Ecoli","dufours",TRUE,"richards",FALSE,FALSE,0,0.00275567746262134,1068.58051963656,0.609563738082987,1059.00410608468,0.000264960173244569,15.0945632271741,0.00398800673229003,0.00231981797763403,0.00319153694760866,1043.74996312786,1093.41107614527,0.60300346700837,0.616124009157604,0.00223635552306199,0.0032749994021807,1038.9951757113,1098.16586356183,0.601747244887699,0.617380231278276,0.00303003894125025,1097.60584467018,0.669573199073372,1056.58595262261,NA,NA,NA,NA,NA,NA,NA,NA,NA,NA,NA,NA,NA,NA,NA,NA,NA,NA,NA,NA,NA,NA,NA,NA
"43","low","Smarcescens","dufours",TRUE,"logistic",FALSE,FALSE,0,0.00342612469748519,379.478191663189,1.26379605460271,2945.71548535598,0.000175515273825483,10.7992290860397,0.00638731396271444,0.00313740207204227,0.00371484732292811,361.713459816654,397.242923509724,1.25328892313404,1.27430318607137,0.00308211476078725,0.00377013463418314,358.311702654551,400.644680671827,1.25127691923579,1.27631518996963,0.00434262515712675,414.123469940889,1.35673449636622,2945.04717619697,NA,NA,NA,NA,NA,NA,NA,NA,NA,NA,NA,NA,NA,NA,NA,NA,NA,NA,NA,NA,NA,NA,NA,NA
"44","medium","Smarcescens","sternal",TRUE,"richards",FALSE,FALSE,0,0.00333213618304354,274.328297954459,1.78841101075068,4149.87863646483,6.51706642955173e-05,5.65790857224454,0.00454311979632628,0.00322493044027741,0.00343934192580966,265.021038353116,283.635557555801,1.78093757868572,1.79588444281563,0.00320440168102432,0.00345987068506275,263.238797152859,285.417798756058,1.77950649594988,1.79731552555148,0.00460660235105778,364.402399617372,1.83982059358626,4147.74390204038,NA,NA,NA,NA,NA,NA,NA,NA,NA,NA,NA,NA,NA,NA,NA,NA,NA,NA,NA,NA,NA,NA,NA,NA
"45","high","Smarcescens","dufours",TRUE,"gompertz",FALSE,FALSE,0,0.0017912570138222,544.984120476695,0.530606069044892,1155.73506299071,0.000205408105667318,18.5417645676356,0.00583624295233883,0.00145336067999946,0.00212915334764494,514.482917762934,575.485323190455,0.521005449388295,0.540206688701489,0.00138865712671426,0.00219385690093014,508.642261924129,581.32597902926,0.519167032858308,0.542045105231476,0.00258776097465889,558.222360849022,0.616286839538515,1155.81640276699,NA,NA,NA,NA,NA,NA,NA,NA,NA,NA,NA,NA,NA,NA,NA,NA,NA,NA,NA,NA,NA,NA,NA,NA
"46","medium","Ecoli","dufours",TRUE,"gompertz",FALSE,FALSE,0,0.0018826726859032,1058.2287034213,0.507180986616565,852.298437870285,7.14607660074628e-05,5.56646557274046,0.00203000053314444,0.00176511972582093,0.00200022564598548,1049.07186755414,1067.38553928846,0.503841635739542,0.510520337493587,0.00174260958452857,0.00202273578727783,1047.31843089873,1069.13897594387,0.503202185571602,0.511159787661528,0.00611246964116461,14.8826262063144,0.541706914118495,857.557864351327,NA,NA,NA,NA,NA,NA,NA,NA,NA,NA,NA,NA,NA,NA,NA,NA,NA,NA,NA,NA,NA,NA,NA,NA
"47","low","Ecoli","dufours",TRUE,"logistic",FALSE,FALSE,0,0.00294325770029864,1095.04267881104,0.649243172808169,1097.00325048013,0.00018315819563416,7.85452716689234,0.00357282312505125,0.00264196246848045,0.00324455293211684,1082.1219816215,1107.96337600058,0.64336587876746,0.655120466848878,0.00258426763685569,0.0033022477637416,1079.64780556393,1110.43755205815,0.642240439483069,0.65624590613327,0.00406274856907428,1146.21423284624,0.706105889941907,1097.20715905651,NA,NA,NA,NA,NA,NA,NA,NA,NA,NA,NA,NA,NA,NA,NA,NA,NA,NA,NA,NA,NA,NA,NA,NA
"48","control","Smarcescens","sternal",TRUE,"gompertz",FALSE,FALSE,0,0.00323557599952104,281.679243332245,1.71078162813467,3945.97327282548,4.4498992826917e-05,3.92423335987802,0.00308725550842284,0.00316237515632077,0.00330877684272132,275.223879455245,288.134607209244,1.70570309282331,1.71586016344603,0.00314835797358029,0.0033227940254618,273.987745946884,289.370740717605,1.70473060733816,1.71683264893118,0.00385396174859487,329.830399681951,1.74656010594812,3945.70761917225,NA,NA,NA,NA,NA,NA,NA,NA,NA,NA,NA,NA,NA,NA,NA,NA,NA,NA,NA,NA,NA,NA,NA,NA
"49","control","Smarcescens","dufours",TRUE,"gompertz",FALSE,FALSE,0,0.00328806392711139,282.673627325561,1.67975362734316,3890.15917490972,6.15986856255051e-05,5.1708245661676,0.00403002240706963,0.00318673408925743,0.00338939376496534,274.167620914215,291.179633736906,1.67312424048353,1.68638301420279,0.0031673305032854,0.00340879735093738,272.538811175872,292.808443475249,1.6718547834253,1.68765247126101,0.00380818667136987,327.484127916656,1.72563139083418,3890.17597778848,NA,NA,NA,NA,NA,NA,NA,NA,NA,NA,NA,NA,NA,NA,NA,NA,NA,NA,NA,NA,NA,NA,NA,NA
"50","high","Smarcescens","sternal",TRUE,"gompertz",FALSE,FALSE,0,0.00349974444777999,257.799946988979,1.83524574876721,4281.50485982704,6.13890810773422e-05,4.96695068486846,0.00417192482877818,0.00339875940940776,0.00360072948615222,249.62931311237,265.970580865588,1.82838293242387,1.84210856511055,0.0033794218488684,0.00362006704669158,248.064723646637,267.535170331321,1.8270687761028,1.84342272143161,0.00493207890055937,253.485017418489,1.88689194535484,4280.52345425958,NA,NA,NA,NA,NA,NA,NA,NA,NA,NA,NA,NA,NA,NA,NA,NA,NA,NA,NA,NA,NA,NA,NA,NA
"51","low","Ecoli","sternal",TRUE,"gompertz",FALSE,FALSE,0,0.00179081356139786,466.15488445662,0.788178688731568,1713.08640331857,4.19915036251455e-05,5.58911476224852,0.00224383131567286,0.00172173753793449,0.00185988958486122,456.960790672722,475.348978240519,0.784487586217287,0.79186979124585,0.00170851021429257,0.00187311690850314,455.200219522613,477.109549390627,0.78378077935285,0.792576598110287,0.00211809289775775,482.443824929528,0.830686017771621,1714.27078435087,NA,NA,NA,NA,NA,NA,NA,NA,NA,NA,NA,NA,NA,NA,NA,NA,NA,NA,NA,NA,NA,NA,NA,NA
"52","medium","Ecoli","dufours",TRUE,"gompertz",FALSE,FALSE,0,0.00124090840240666,1280.80578753063,0.30469699150001,448.42947271369,0.000112306524323127,12.0883582747233,0.00297600431505246,0.00105616416989512,0.00142565263491821,1260.92043816871,1300.69113689255,0.299801464401749,0.309592518598272,0.00102078761473333,0.00146102919007999,1257.11260531217,1304.49896974909,0.298864023042507,0.310529959957513,0.00163835940418361,2548.51151507288,0.368237357890981,448.549608096701,NA,NA,NA,NA,NA,NA,NA,NA,NA,NA,NA,NA,NA,NA,NA,NA,NA,NA,NA,NA,NA,NA,NA,NA
"53","high","Ecoli","dufours",TRUE,"gompertz.exp",FALSE,FALSE,0,0,NA,0,NA,NA,NA,NA,NA,NA,NA,NA,NA,NA,NA,NA,NA,NA,NA,NA,0,NA,0,0,NA,NA,NA,NA,NA,NA,NA,NA,NA,NA,NA,NA,NA,NA,NA,NA,NA,NA,NA,NA,NA,NA,NA,NA
"54","control","Ecoli","dufours",TRUE,"richards",FALSE,FALSE,0,0.0015082307164946,950.852699315008,1.18213454788137,1797.84143622008,2.08122737560081e-05,6.22536694296119,0.00415752334315392,0.00147399452616597,0.00154246690682324,940.611970693837,961.093427936179,1.17529542198188,1.18897367378086,0.00146743865993283,0.00154902277305638,938.650980106804,963.054418523212,1.17398580212879,1.19028329363395,0.00211467041991656,2162.61951794226,1.23853053538987,1795.05863836577,NA,NA,NA,NA,NA,NA,NA,NA,NA,NA,NA,NA,NA,NA,NA,NA,NA,NA,NA,NA,NA,NA,NA,NA
"55","medium","Smarcescens","dufours",TRUE,"logistic",FALSE,FALSE,0,0.00216892404389932,385.071974399615,0.814545916693917,1891.29835063891,0.000192852354015895,19.0805655925715,0.00723545531998403,0.00185168192154317,0.00248616616625547,353.684443999835,416.459504799395,0.802643592692543,0.826448240695291,0.00179093343002817,0.00254691465777047,347.674065838175,422.469882961055,0.800364424266748,0.828727409121086,0.00690231845318542,14.8661107721436,0.946591536428817,1890.29758004914,NA,NA,NA,NA,NA,NA,NA,NA,NA,NA,NA,NA,NA,NA,NA,NA,NA,NA,NA,NA,NA,NA,NA,NA
"56","low","Ecoli","dufours",TRUE,"richards",FALSE,FALSE,0,0.0029768313312843,1128.18190101371,0.516079462469204,878.143088451951,0.000364017546597361,15.4257767535334,0.00350997118503243,0.00237802246713164,0.00357564019543696,1102.80649825415,1153.55730377328,0.510305559869826,0.521853365068582,0.00226335693995347,0.00369030572261512,1097.94737857679,1158.41642345064,0.50919991894654,0.522959005991868,0.00311358719929086,1139.77246839506,0.573949746480126,876.321609420255,NA,NA,NA,NA,NA,NA,NA,NA,NA,NA,NA,NA,NA,NA,NA,NA,NA,NA,NA,NA,NA,NA,NA,NA
"57","low","Smarcescens","sternal",TRUE,"richards",FALSE,FALSE,0,0.00325447050397069,290.985026681638,1.78443178012702,4095.2422588339,6.65533386442627e-05,5.94167100988084,0.00482760767697529,0.00314499026190088,0.0033639507460405,281.210977870384,300.759075492892,1.7764903654984,1.79237319475565,0.00312402596022793,0.00338491504771344,279.339351502272,302.630701861004,1.77496966908015,1.79389389117389,0.00417557241860753,355.753518581795,1.84297634000579,4094.4241791232,NA,NA,NA,NA,NA,NA,NA,NA,NA,NA,NA,NA,NA,NA,NA,NA,NA,NA,NA,NA,NA,NA,NA,NA
"58","medium","Smarcescens","sternal",TRUE,"gompertz",FALSE,FALSE,0,0.00335333823280579,272.04646208388,1.83437384399255,4229.24722789597,6.2077069627036e-05,5.4587579803183,0.00455471610493875,0.00325122145326932,0.00345545501234227,263.066805206256,281.026118961503,1.82688133599993,1.84186635198518,0.0032316671763368,0.00347500928927478,261.347296442456,282.745627725304,1.82544660042687,1.84330108755823,0.00449387977680768,354.067056816413,1.88313155663441,4229.19251481875,NA,NA,NA,NA,NA,NA,NA,NA,NA,NA,NA,NA,NA,NA,NA,NA,NA,NA,NA,NA,NA,NA,NA,NA
"59","low","Smarcescens","dufours",TRUE,"gompertz",FALSE,FALSE,0,0.00362863122561258,414.802927720071,1.24895082455482,2848.21650095961,0.00015026172489321,7.76717771787947,0.00526850079007701,0.00338145068816325,0.00387581176306191,402.025920374159,427.579935065983,1.24028414075514,1.2576175083545,0.00333411824482189,0.00392314420640327,399.579259393027,430.026596047115,1.23862456300627,1.25927708610337,0.00457446674203111,442.863984525525,1.31398442794389,2855.11410912174,NA,NA,NA,NA,NA,NA,NA,NA,NA,NA,NA,NA,NA,NA,NA,NA,NA,NA,NA,NA,NA,NA,NA,NA
"60","medium","Smarcescens","sternal",TRUE,"richards",FALSE,FALSE,0,0.00317203752468545,284.55780728689,1.72747970963434,3984.62673880627,5.3851604508157e-05,5.01365987989428,0.00386991286568451,0.00308345163526953,0.00326062341410137,276.310336784464,292.805277789317,1.72111370297028,1.73384571629839,0.00306648837984946,0.00327758666952144,274.731033922298,294.384580651483,1.71989468041759,1.73506473885108,0.00409481863986411,253.990664770556,1.76724199595104,3982.76373667533,NA,NA,NA,NA,NA,NA,NA,NA,NA,NA,NA,NA,NA,NA,NA,NA,NA,NA,NA,NA,NA,NA,NA,NA
"61","high","Ecoli","dufours",TRUE,"gompertz.exp",FALSE,FALSE,0,0,NA,0,NA,NA,NA,NA,NA,NA,NA,NA,NA,NA,NA,NA,NA,NA,NA,NA,0,NA,0,0,NA,NA,NA,NA,NA,NA,NA,NA,NA,NA,NA,NA,NA,NA,NA,NA,NA,NA,NA,NA,NA,NA,NA,NA
"62","control","Smarcescens","sternal",TRUE,"gompertz",FALSE,FALSE,0,0.00306988655264636,270.781055165836,1.69886263497571,3912.69264131609,4.08821223419417e-05,3.97093176624165,0.00305921306762791,0.00300263546139387,0.00313713764389885,264.248872410368,277.313237921303,1.69383022947946,1.70389504047196,0.00298975759285615,0.00315001551243657,262.998028904002,278.564081427669,1.69286657736316,1.70485869258826,0.00354197772294498,324.46425211084,1.72896952140121,3912.52105922864,NA,NA,NA,NA,NA,NA,NA,NA,NA,NA,NA,NA,NA,NA,NA,NA,NA,NA,NA,NA,NA,NA,NA,NA
"63","high","Smarcescens","sternal",TRUE,"richards",FALSE,FALSE,0,0.00329557379702875,238.112321456672,1.83518243898269,4303.29358220826,5.62211338356624e-05,5.10204159401136,0.00413679413831449,0.00320309003186909,0.00338805756218842,229.719463034523,246.50517987882,1.82837741262516,1.84198746534021,0.00318538037471085,0.00340576721934665,228.112319932409,248.112322980934,1.82707432247159,1.84329055549378,0.00448862134715778,335.91008631114,1.87738599192749,4300.81076804634,NA,NA,NA,NA,NA,NA,NA,NA,NA,NA,NA,NA,NA,NA,NA,NA,NA,NA,NA,NA,NA,NA,NA,NA
"64","medium","Smarcescens","dufours",TRUE,"gompertz",FALSE,FALSE,0,0.00325432368490804,454.20453111009,0.866263616424202,1980.57871910874,0.000242451491316255,10.8476820789935,0.00566951902262409,0.0028554909816928,0.00365315638812328,436.360094090146,472.048968130034,0.856937257631985,0.875589975216418,0.00277911876192818,0.0037295286078879,432.943074235263,475.465987984917,0.855151359139858,0.877375873708545,0.00339111514486032,456.202258857642,0.964239763040274,1982.41369561461,NA,NA,NA,NA,NA,NA,NA,NA,NA,NA,NA,NA,NA,NA,NA,NA,NA,NA,NA,NA,NA,NA,NA,NA
"65","medium","Smarcescens","dufours",TRUE,"gompertz",FALSE,FALSE,0,0.002847950759387,465.739853381696,0.805975894147554,1825.58000792919,0.000223817718322069,12.1547316931881,0.00578993930221362,0.0024797706127472,0.00321613090602681,445.745319746402,485.73438701699,0.796451443995412,0.815500344299695,0.00240926803147575,0.00328663348729826,441.916579263047,489.563127500345,0.794627613115215,0.817324175179892,0.00315018512980488,467.704447128845,0.89266846392857,1825.95521875899,NA,NA,NA,NA,NA,NA,NA,NA,NA,NA,NA,NA,NA,NA,NA,NA,NA,NA,NA,NA,NA,NA,NA,NA
"66","control","Smarcescens","sternal",TRUE,"gompertz",FALSE,FALSE,0,0.00316316279904849,283.648516826177,1.70908108859664,3927.21546514388,5.61978419252977e-05,5.17604649065239,0.00404920560312907,0.00307071734908138,0.00325560824901561,275.133920349054,292.1631133033,1.70242014537949,1.71574203181378,0.00305301502887491,0.00327331056922208,273.503465704498,293.793567947856,1.7011446456145,1.71701753157877,0.00404355175786779,352.909522732651,1.75344652919303,3928.11738822702,NA,NA,NA,NA,NA,NA,NA,NA,NA,NA,NA,NA,NA,NA,NA,NA,NA,NA,NA,NA,NA,NA,NA,NA
"67","control","Ecoli","dufours",TRUE,"richards",FALSE,FALSE,0,0.00161126377142386,926.945373089336,1.09291739679795,1763.5106511602,3.71847060398232e-05,9.41422031196758,0.00507617272472224,0.00155009492998835,0.00167243261285937,911.45898067615,942.431765502523,1.08456709266578,1.10126770093012,0.0015383817475858,0.00168414579526191,908.49350127788,945.397244900793,1.0829680982575,1.10286669533841,0.00157299771073817,903.840397097946,1.16335587258273,1759.8536624692,NA,NA,NA,NA,NA,NA,NA,NA,NA,NA,NA,NA,NA,NA,NA,NA,NA,NA,NA,NA,NA,NA,NA,NA
"68","high","Ecoli","sternal",TRUE,"logistic",FALSE,FALSE,0,0.0022640517992836,414.518660082382,0.705664434215574,1640.3719181149,0.000244036004449798,19.2199689275036,0.00683189830200892,0.00186261257196368,0.00266549102660352,382.901811196639,446.135508968125,0.69442596150877,0.716902906922379,0.001785741230562,0.00274236236800521,376.847520984475,452.189799180289,0.692273913543637,0.719054954887512,0.00223004523137719,405.373419836071,0.781756618708735,1641.62710910177,NA,NA,NA,NA,NA,NA,NA,NA,NA,NA,NA,NA,NA,NA,NA,NA,NA,NA,NA,NA,NA,NA,NA,NA
"69","control","Ecoli","sternal",TRUE,"richards",FALSE,FALSE,0,0.00174757056368754,914.623603449415,1.22037586745457,1951.06949954837,2.2154898454619e-05,5.00906125585946,0.00336889399622323,0.00171112575572969,0.00178401537164539,906.383697683526,922.863509215303,1.21483403683079,1.22591769807836,0.00170414696271649,0.00179099416465859,904.80584338793,924.441363510899,1.21377283522198,1.22697889968717,0.00178717167678056,911.534165350759,1.24932127505543,1949.08989540983,NA,NA,NA,NA,NA,NA,NA,NA,NA,NA,NA,NA,NA,NA,NA,NA,NA,NA,NA,NA,NA,NA,NA,NA
"70","medium","Ecoli","sternal",TRUE,"logistic",FALSE,FALSE,0,0.00237157571997836,457.946668987115,0.742131722173978,1692.4704212237,0.000295481521285079,22.3025217566087,0.00841379387651692,0.0018855086174644,0.00285764282249231,421.259020697493,494.634317276736,0.728291031247107,0.755972413100848,0.0017924319382596,0.00295071950169711,414.233726344162,501.659611630068,0.725640686176005,0.758622758171951,0.00203065721811993,428.191150922674,0.855534451236807,1693.4230694011,NA,NA,NA,NA,NA,NA,NA,NA,NA,NA,NA,NA,NA,NA,NA,NA,NA,NA,NA,NA,NA,NA,NA,NA
"71","control","Ecoli","dufours",TRUE,"richards",FALSE,FALSE,0,0.00156986404797215,951.085510479836,1.22658945892113,1872.07359428944,2.17953651961218e-05,6.33208095756644,0.00425456173596586,0.00153401067222453,0.00160571742371977,940.669237304639,961.501783655033,1.21959070486547,1.2335882129768,0.00152714513218775,0.00161258296375655,938.674631803006,963.496389156666,1.21825051791864,1.23492839992363,0.00183913328722043,974.215561590398,1.28012764770476,1869.10492593654,NA,NA,NA,NA,NA,NA,NA,NA,NA,NA,NA,NA,NA,NA,NA,NA,NA,NA,NA,NA,NA,NA,NA,NA
"72","control","Smarcescens","dufours",TRUE,"gompertz",FALSE,FALSE,0,0.00336876031106531,289.921273382652,1.7075911878068,3946.1899100208,4.90992792403307e-05,3.99222371614641,0.00317592166572198,0.00328799199671497,0.00344952862541565,283.354065369591,296.488481395713,1.70236679666668,1.71281557894691,0.00327252572375426,0.00346499489837636,282.096514899005,297.746031866299,1.70136638134198,1.71381599427161,0.0038400954305548,325.280912522553,1.74557021572973,3945.88713945143,NA,NA,NA,NA,NA,NA,NA,NA,NA,NA,NA,NA,NA,NA,NA,NA,NA,NA,NA,NA,NA,NA,NA,NA
"73","high","Smarcescens","sternal",TRUE,"richards",FALSE,FALSE,0,0.00347540021864914,280.002271304751,1.75928397564792,4111.1414436611,7.70745858799302e-05,6.27732056645128,0.00487426279355457,0.00334861252487665,0.00360218791242162,269.676078972939,290.328463636564,1.75126581335252,1.76730213794332,0.00332433403032447,0.0036264664069738,267.698722994507,292.305819614996,1.74973042057255,1.76883753072329,0.0046510069591958,363.600171500686,1.82050729724729,4108.7451885685,NA,NA,NA,NA,NA,NA,NA,NA,NA,NA,NA,NA,NA,NA,NA,NA,NA,NA,NA,NA,NA,NA,NA,NA
"74","low","Smarcescens","sternal",TRUE,"gompertz",FALSE,FALSE,0,0.00339553686924698,279.873836603426,1.75864854067655,4070.58694258732,5.49656771611451e-05,4.52783850477689,0.00367877608359189,0.0033051183303169,0.00348595540817707,272.425542263068,287.322130943784,1.75259695401904,1.76470012733406,0.00328780414201114,0.00350326959648283,270.999273134063,288.748400072788,1.75143813955271,1.76585894180039,0.00454100688120214,353.673639907863,1.80319149283519,4070.48118703763,NA,NA,NA,NA,NA,NA,NA,NA,NA,NA,NA,NA,NA,NA,NA,NA,NA,NA,NA,NA,NA,NA,NA,NA
"75","control","Ecoli","sternal",TRUE,"richards",FALSE,FALSE,0,0.00171377802635327,971.295781117392,1.1919880991702,1860.42745776744,2.99810468239808e-05,7.32492012912799,0.00441412259181035,0.00166445920432782,0.00176309684837872,959.246287504976,983.345274729807,1.18472686750667,1.19924933083373,0.00165501517457827,0.00177254087812827,956.938937664301,985.652624570483,1.18333641889025,1.20063977945015,0.00166478041691792,949.434343719497,1.23679156777986,1856.66304096728,NA,NA,NA,NA,NA,NA,NA,NA,NA,NA,NA,NA,NA,NA,NA,NA,NA,NA,NA,NA,NA,NA,NA,NA
"76","low","Ecoli","sternal",TRUE,"richards",FALSE,FALSE,0,0.00195954098473364,487.498548618078,0.802601513343915,1758.93718270143,6.6482307885454e-05,8.29459017089018,0.00306902546964878,0.00185017758826207,0.00206890438120521,473.853947786964,501.143149449193,0.797552966446342,0.807650060241487,0.00182923566127815,0.00208984630818913,471.241151883134,503.755945353023,0.796586223423403,0.808616803264426,0.00200837395537055,476.907754284109,0.856291388734805,1757.80922486155,NA,NA,NA,NA,NA,NA,NA,NA,NA,NA,NA,NA,NA,NA,NA,NA,NA,NA,NA,NA,NA,NA,NA,NA
"77","control","Ecoli","sternal",TRUE,"richards",FALSE,FALSE,0,0.00181509607325427,970.013056125345,1.21018245713486,1884.05972246221,3.06967246429897e-05,6.26637514987372,0.00440167375754848,0.00176459996121655,0.00186559218529199,959.704869003803,980.321243246887,1.20294170380369,1.21742321046603,0.00175493049295401,0.00187526165355453,957.730960831593,982.295151419098,1.20155517657007,1.21880973769966,0.00173663260936402,953.806522015182,1.27162416405607,1882.8238063642,NA,NA,NA,NA,NA,NA,NA,NA,NA,NA,NA,NA,NA,NA,NA,NA,NA,NA,NA,NA,NA,NA,NA,NA
"78","medium","Ecoli","sternal",TRUE,"richards",FALSE,FALSE,0,0.00176140020445278,446.635771784521,0.701460862740252,1567.68412005763,0.000100435305683064,13.2399697397476,0.00440187555765123,0.00159618412660413,0.00192661628230142,424.856021562636,468.415522006406,0.694219777447915,0.708701948032588,0.00156454700531397,0.00195825340359158,420.685431094616,472.586112474426,0.692833186647255,0.710088538833248,0.00179981592127735,436.917393889133,0.75070222555702,1567.76622123955,NA,NA,NA,NA,NA,NA,NA,NA,NA,NA,NA,NA,NA,NA,NA,NA,NA,NA,NA,NA,NA,NA,NA,NA
"79","high","Smarcescens","dufours",TRUE,"gompertz",FALSE,FALSE,0,0.00164313054114374,577.634594522943,0.501866538204046,1074.06717624762,0.000165562202756834,16.7865570413853,0.00498645124390759,0.00137078071760875,0.00191548036467873,550.020708189864,605.248480856022,0.493663825907818,0.510069250500274,0.00131862862374034,0.00196763245854713,544.732942721828,610.536246324058,0.492093093765987,0.511639982642105,0.00211650959111653,581.690012755759,0.576528313751384,1074.26701202994,NA,NA,NA,NA,NA,NA,NA,NA,NA,NA,NA,NA,NA,NA,NA,NA,NA,NA,NA,NA,NA,NA,NA,NA
"80","high","Smarcescens","dufours",TRUE,"gompertz",FALSE,FALSE,0,0.00179652749320668,634.847606809227,0.49058671181787,1031.06949283952,0.000234716089529469,19.4874223061452,0.00598950832250435,0.0014104195259307,0.00218263546048265,602.790797115618,666.904416502836,0.48073397062735,0.500439453008389,0.00133648395772892,0.00225657102868443,596.652259089183,673.042954529272,0.478847275505761,0.502326148129978,0.00229681132316226,648.467063136701,0.573595357465769,1031.45750724447,NA,NA,NA,NA,NA,NA,NA,NA,NA,NA,NA,NA,NA,NA,NA,NA,NA,NA,NA,NA,NA,NA,NA,NA
"81","high","Smarcescens","dufours",TRUE,"gompertz",FALSE,FALSE,0,0.0011857541251454,754.558866838864,0.287024913870339,574.047353437668,0.000283900813100304,31.6864197038065,0.00616846946680259,0.0007187372875954,0.0016527709626954,702.434706426103,806.683027251626,0.276877781597449,0.297172046143229,0.000629308531468804,0.001742199718822,692.453484219404,816.664249458325,0.274934713715406,0.299115114025272,0.00134721647005687,751.821384035336,0.371753315792559,575.322930809329,NA,NA,NA,NA,NA,NA,NA,NA,NA,NA,NA,NA,NA,NA,NA,NA,NA,NA,NA,NA,NA,NA,NA,NA
"82","control","Smarcescens","sternal",TRUE,"gompertz",FALSE,FALSE,0,0.00338411906750516,272.395671324257,1.70222340194554,3967.45592922557,5.52093279711387e-05,4.43647307399551,0.00350798904070779,0.00329329972299263,0.00347493841201768,265.097673117534,279.693669530979,1.69645275997358,1.70799404391751,0.00327590878468173,0.00349232935032859,263.700184099225,281.091158549288,1.69534774342576,1.70909906046533,0.00407277051287272,263.153416109872,1.74281718234257,3965.72866158574,NA,NA,NA,NA,NA,NA,NA,NA,NA,NA,NA,NA,NA,NA,NA,NA,NA,NA,NA,NA,NA,NA,NA,NA
"83","low","Smarcescens","dufours",TRUE,"logistic",FALSE,FALSE,0,0.00347451977533482,397.723033704963,1.24144483677752,2878.24109007769,0.000158156793461246,9.29645549541835,0.00549159360025371,0.00321435185009107,0.00373468770057857,382.430364414999,413.015702994926,1.2324111653051,1.25047850824993,0.00316453246015078,0.00378450709051886,379.501980933943,415.944086475983,1.23068131332102,1.25220836023401,0.00446159450620495,428.356078710886,1.32175428005663,2877.05088908276,NA,NA,NA,NA,NA,NA,NA,NA,NA,NA,NA,NA,NA,NA,NA,NA,NA,NA,NA,NA,NA,NA,NA,NA
"84","low","Smarcescens","dufours",TRUE,"logistic",FALSE,FALSE,0,0.00367470371807986,389.99142582541,1.22408412201098,2862.31069129404,0.000164789039093962,8.54297901499164,0.00510148092946821,0.0034036257487703,0.00394578168738943,375.938225345749,404.044626305071,1.215692185882,1.23247605813995,0.0033517172014557,0.00399769023470403,373.247186956027,406.735664694794,1.21408521938922,1.23408302463273,0.00432064395592617,409.151847372175,1.29722520869188,2860.40999956387,NA,NA,NA,NA,NA,NA,NA,NA,NA,NA,NA,NA,NA,NA,NA,NA,NA,NA,NA,NA,NA,NA,NA,NA
"85","high","Ecoli","sternal",TRUE,"richards",FALSE,FALSE,0,0.00198613942273738,364.542604343626,0.747458090552262,1780.00245744979,0.000286918807354537,39.5052264094319,0.00775835894752943,0.00151415798463916,0.00245812086083559,299.55650690011,429.528701787141,0.734695590083576,0.760220591020948,0.00142377856032249,0.00254850028515227,287.112360581139,441.972848106112,0.732251707015104,0.762664474089419,0.00207413603162304,353.294752563103,0.853104698128951,1781.49150131115,NA,NA,NA,NA,NA,NA,NA,NA,NA,NA,NA,NA,NA,NA,NA,NA,NA,NA,NA,NA,NA,NA,NA,NA
"86","medium","Ecoli","dufours",TRUE,"richards",FALSE,FALSE,0,0.00102289284150474,1159.29627055176,0.384334089311949,590.255422384768,4.24365060808726e-05,9.18650246757299,0.00214880126823679,0.000953084789001703,0.00109270089400777,1144.1844739926,1174.40806711091,0.3807993112257,0.387868867398199,0.000939717289586229,0.00110606839342325,1141.29072571531,1177.3018153882,0.380122438826205,0.388545739797693,0.00181122192531864,1387.14667909058,0.420417107245041,592.772785927563,NA,NA,NA,NA,NA,NA,NA,NA,NA,NA,NA,NA,NA,NA,NA,NA,NA,NA,NA,NA,NA,NA,NA,NA
"87","low","Smarcescens","sternal",TRUE,"richards",FALSE,FALSE,0,0.00303190906870599,259.126043904628,1.80211694989869,4118.4489996205,4.32326153184494e-05,3.96557308085821,0.00341661019330014,0.00296079141650714,0.00310302672090484,252.602676186616,265.64941162264,1.79649662613071,1.80773727366666,0.00294717314268183,0.00311664499473015,251.353520666146,266.89856714311,1.79542039391982,1.80881350587755,0.00341040407219514,243.158496550813,1.83450750787645,4117.79503128276,NA,NA,NA,NA,NA,NA,NA,NA,NA,NA,NA,NA,NA,NA,NA,NA,NA,NA,NA,NA,NA,NA,NA,NA
"88","low","Ecoli","sternal",TRUE,"logistic",FALSE,FALSE,0,0.00197045957956707,474.305682297275,0.822265824132675,1818.74782153223,7.26240636294056e-05,8.77740748865055,0.00331240252316419,0.0018509929948967,0.00208992616423744,459.866846978445,488.744517616105,0.81681692198207,0.82771472628328,0.00182811641485344,0.00211280274428071,457.10196361952,491.50940097503,0.815773515187273,0.828758133078077,0.00178890160192708,443.865396552809,0.874573209880736,1815.99547168386,NA,NA,NA,NA,NA,NA,NA,NA,NA,NA,NA,NA,NA,NA,NA,NA,NA,NA,NA,NA,NA,NA,NA,NA
"89","low","Smarcescens","dufours",TRUE,"logistic",FALSE,FALSE,0,0.00380474359556168,403.301679153925,1.17458504074048,2745.32508209814,0.000206912846986416,9.60573848192258,0.00568938788262925,0.00346437196226903,0.00414511522885434,387.500239351162,419.103118956687,1.16522599767356,1.18394408380741,0.00339919441546831,0.00421029277565506,384.474431729357,422.128926578493,1.16343384049053,1.18573624099044,0.00444321126050073,419.628359090633,1.25531131038373,2744.91819850592,NA,NA,NA,NA,NA,NA,NA,NA,NA,NA,NA,NA,NA,NA,NA,NA,NA,NA,NA,NA,NA,NA,NA,NA
"90","low","Ecoli","dufours",TRUE,"logistic",FALSE,FALSE,0,0.00395836939330474,1176.71608862379,0.67129829219144,1096.55913774792,0.000514074577696227,12.6161895595323,0.00679201263861309,0.00311271671299444,0.00480402207361503,1155.96245679836,1197.46972044922,0.660125431400921,0.682471152981958,0.00295078322102013,0.00496595556558934,1151.98835708711,1201.44382016048,0.657985947419758,0.684610636963122,0.00441361062047985,1221.67167736266,0.784928097058944,1099.39321840277,NA,NA,NA,NA,NA,NA,NA,NA,NA,NA,NA,NA,NA,NA,NA,NA,NA,NA,NA,NA,NA,NA,NA,NA
"91","high","Smarcescens","sternal",TRUE,"richards",FALSE,FALSE,0,0.00369978441075989,285.171131816253,1.79043787091923,4210.36915067773,8.43993024096767e-05,6.48807924997889,0.00491388010307014,0.00356094755829598,0.00383862126322381,274.498241450038,295.844022182468,1.78235453814968,1.79852120368878,0.00353436177803693,0.00386520704348286,272.454496486294,297.887767146211,1.78080666591721,1.80006907592125,0.00460388107070538,347.35670134217,1.84826144538117,4207.4533188822,NA,NA,NA,NA,NA,NA,NA,NA,NA,NA,NA,NA,NA,NA,NA,NA,NA,NA,NA,NA,NA,NA,NA,NA
"92","low","Ecoli","sternal",TRUE,"logistic",FALSE,FALSE,0,0.00220825147226809,504.452893015869,0.751502110238495,1668.59973635163,0.000120956183538404,10.655555735924,0.00398816169913961,0.00200927855034741,0.00240722439418876,486.924503830274,521.981282201464,0.744941584243411,0.75806263623358,0.00197117735253282,0.00244532559200336,483.568003773458,525.33778225828,0.743685313308182,0.759318907168809,0.00216221339610388,484.571915424004,0.819689239153151,1666.22365488908,NA,NA,NA,NA,NA,NA,NA,NA,NA,NA,NA,NA,NA,NA,NA,NA,NA,NA,NA,NA,NA,NA,NA,NA
"93","medium","Smarcescens","sternal",TRUE,"richards",FALSE,FALSE,0,0.00326596367766596,272.431800443873,1.76017300962471,4082.41414233319,5.67753017683836e-05,4.98355916164243,0.00397321251451992,0.00317256830625697,0.00335935904907496,264.233845622971,280.629755264774,1.75363707503833,1.7667089442111,0.00315468408619993,0.003377243269132,262.664024487053,282.199576400692,1.75238551309625,1.76796050615317,0.00394078417561685,247.616297411356,1.80441273226032,4080.35339914469,NA,NA,NA,NA,NA,NA,NA,NA,NA,NA,NA,NA,NA,NA,NA,NA,NA,NA,NA,NA,NA,NA,NA,NA
"94","low","Ecoli","sternal",TRUE,"logistic",FALSE,FALSE,0,0.00224763624340054,503.409816056523,0.739995695482133,1647.92903462872,0.00019999202454147,16.7497406922347,0.00624956656960245,0.00191864936302982,0.00257662312377126,475.856492617797,530.963139495249,0.729715158475137,0.750276232489129,0.00185565187529926,0.00263962061150182,470.580324299743,536.239307813303,0.727746545005713,0.752244845958554,0.00202898843419988,477.306048887129,0.827445196443988,1646.9291031903,NA,NA,NA,NA,NA,NA,NA,NA,NA,NA,NA,NA,NA,NA,NA,NA,NA,NA,NA,NA,NA,NA,NA,NA
"95","high","Ecoli","dufours",TRUE,"gompertz.exp",FALSE,FALSE,0,0,NA,0,NA,NA,NA,NA,NA,NA,NA,NA,NA,NA,NA,NA,NA,NA,NA,NA,0,NA,0,0,NA,NA,NA,NA,NA,NA,NA,NA,NA,NA,NA,NA,NA,NA,NA,NA,NA,NA,NA,NA,NA,NA,NA,NA
"96","medium","Smarcescens","dufours",TRUE,"gompertz",FALSE,FALSE,0,0.00288521803413694,396.59436611823,1.01090226827761,2320.13215756476,0.000142357390552295,9.41893350015762,0.00511486568091503,0.00265104012667841,0.00311939594159546,381.100220510471,412.088511725989,1.0024883142325,1.01931622232271,0.00260619754865444,0.00316423851961943,378.133256457921,415.055475778539,1.00087713154302,1.0209274050122,0.0031332464003934,411.921535462123,1.07607423884355,2323.97039547476,NA,NA,NA,NA,NA,NA,NA,NA,NA,NA,NA,NA,NA,NA,NA,NA,NA,NA,NA,NA,NA,NA,NA,NA
