"treatment","microbe","species","reliability","used.model","log.x","log.y","nboot.gc","mu.model","lambda.model","A.model","integral.model","stdmu.model","stdlambda.model","stdA.model","ci90.mu.model.lo","ci90.mu.model.up","ci90.lambda.model.lo","ci90.lambda.model.up","ci90.A.model.lo","ci90.A.model.up","ci95.mu.model.lo","ci95.mu.model.up","ci95.lambda.model.lo","ci95.lambda.model.up","ci95.A.model.lo","ci95.A.model.up","mu.spline","lambda.spline","A.spline","integral.spline","mu.bt","lambda.bt","A.bt","integral.bt","stdmu.bt","stdlambda.bt","stdA.bt","stdintegral.bt","ci90.mu.bt.lo","ci90.mu.bt.up","ci90.lambda.bt.lo","ci90.lambda.bt.up","ci90.A.bt.lo","ci90.A.bt.up","ci90.integral.bt.lo","ci90.integral.bt.up","ci95.mu.bt.lo","ci95.mu.bt.up","ci95.lambda.bt.lo","ci95.lambda.bt.up","ci95.A.bt.lo","ci95.A.bt.up","ci95.integral.bt.lo","ci95.integral.bt.up"
"gland","e. coli","a_regularis",TRUE,"richards",FALSE,FALSE,0,0.00285296635185521,551.587733434179,1.21176449850094,2483.008845482,5.50482218910522e-05,5.32854524141113,0.00259117186967802,0.00276241202684443,0.00294352067686599,542.822276512058,560.3531903563,1.20750202077532,1.21602697622656,0.00274507183694875,0.00296086086676167,541.143784761013,562.031682107345,1.20668580163637,1.21684319536551,0.00299911298768572,563.234975237058,1.25463085936158,2480.44964487214,NA,NA,NA,NA,NA,NA,NA,NA,NA,NA,NA,NA,NA,NA,NA,NA,NA,NA,NA,NA,NA,NA,NA,NA
"spin","e. coli","a_regularis",TRUE,"richards",FALSE,FALSE,0,0.002690020754931,446.517349639306,1.54752523570246,3184.68261896082,2.65574194492947e-05,3.42902173496253,0.00223286992352822,0.00264633379993691,0.00273370770992509,440.876608885292,452.158090393319,1.54385216467826,1.55119830672667,0.00263796821281039,0.00274207329705162,439.796467038779,453.238232239832,1.54314881065235,1.55190166075258,0.00279298452148814,466.073354674374,1.58379232061211,3182.60091078552,NA,NA,NA,NA,NA,NA,NA,NA,NA,NA,NA,NA,NA,NA,NA,NA,NA,NA,NA,NA,NA,NA,NA,NA
"gland","s. mar","a_regularis",TRUE,"logistic",FALSE,FALSE,0,0.00420634455170854,370.01321608468,1.26632084582653,2892.74591178635,0.000264171351755149,10.8176667895303,0.00707394531710295,0.00377178267807132,0.00464090642534576,352.218154215902,387.808277953457,1.25468420577989,1.27795748587316,0.00368856870226844,0.00472412040114863,348.8105891772,391.215842992159,1.25245591300501,1.28018577864805,0.00408361809367445,370.857246957763,1.36352082007804,2890.11656357631,NA,NA,NA,NA,NA,NA,NA,NA,NA,NA,NA,NA,NA,NA,NA,NA,NA,NA,NA,NA,NA,NA,NA,NA
"spin","s. mar","a_regularis",TRUE,"richards",FALSE,FALSE,0,0.00276377040779509,282.382128913338,1.54042252827677,3416.58936820291,7.53159626827255e-05,8.58156559955053,0.00580792361572747,0.002639875649182,0.00288766516640817,268.265453502078,296.498804324599,1.5308684939289,1.54997656262464,0.00261615112093695,0.00291138969465323,265.562260338219,299.201997488457,1.52903899798995,1.5518060585636,0.00450780967208857,289.628533834459,1.59761368556703,3412.52904768398,NA,NA,NA,NA,NA,NA,NA,NA,NA,NA,NA,NA,NA,NA,NA,NA,NA,NA,NA,NA,NA,NA,NA,NA
"gland","s. mar","a_regularis",TRUE,"logistic",FALSE,FALSE,0,0.00428856347266513,310.599460275848,1.29523166512431,3034.97021626913,0.000319805458613546,12.8874671929107,0.00848349335125207,0.00376248349324584,0.00481464345208441,289.399576743509,331.799343808186,1.2812763185615,1.30918701168712,0.00366174477378258,0.00491538217154768,285.340024577743,335.858895973953,1.27860401815585,1.31185931209276,0.00396074419786107,271.634093288622,1.42393487215297,3032.07680436394,NA,NA,NA,NA,NA,NA,NA,NA,NA,NA,NA,NA,NA,NA,NA,NA,NA,NA,NA,NA,NA,NA,NA,NA
"gland","s. mar","a_regularis",TRUE,"logistic",FALSE,FALSE,0,0.00422666049689549,353.603844336289,1.22364839346635,2822.40805678108,0.000259867037959958,10.1868746358454,0.00651207171328796,0.00379917921945136,0.00465414177433962,336.846435560323,370.361253112255,1.21293603549799,1.23436075143471,0.00371732110249398,0.00473599989129701,333.637570050032,373.570118622546,1.2108847329083,1.23641205402439,0.00420048885649976,312.096006252419,1.31979475491901,2820.11797533951,NA,NA,NA,NA,NA,NA,NA,NA,NA,NA,NA,NA,NA,NA,NA,NA,NA,NA,NA,NA,NA,NA,NA,NA
"gland","e. coli","a_regularis",TRUE,"gompertz",FALSE,FALSE,0,0.00257574261300777,653.87602950355,0.657822372468794,1317.57852873175,8.29879812286603e-05,4.49568979333907,0.00195931664241576,0.00243922738388663,0.00271225784212892,646.480619793507,661.271439213593,0.65459929659202,0.661045448345568,0.0024130861697996,0.00273839905621595,645.064477508605,662.687581498495,0.653982111849659,0.661662633087929,0.00273095417366496,652.783782379168,0.713126253533913,1316.70229267302,NA,NA,NA,NA,NA,NA,NA,NA,NA,NA,NA,NA,NA,NA,NA,NA,NA,NA,NA,NA,NA,NA,NA,NA
"spin","s. mar","a_regularis",TRUE,"gompertz",FALSE,FALSE,0,0.00291615607398864,256.622501293376,1.5047540283065,3384.15793688319,8.38566874319058e-05,8.00726014461568,0.00568059930926592,0.00277821182316315,0.00305410032481412,243.450558355484,269.794444231269,1.49540944244276,1.51409861417024,0.0027517969666221,0.00308051518135517,240.92827140993,272.316731176823,1.49362005366034,1.51588800295266,0.00571057921279289,294.351070663754,1.57296393409842,3383.39067873258,NA,NA,NA,NA,NA,NA,NA,NA,NA,NA,NA,NA,NA,NA,NA,NA,NA,NA,NA,NA,NA,NA,NA,NA
"gland","s. mar","a_regularis",TRUE,"logistic",FALSE,FALSE,0,0.0044078901372142,380.350905874837,1.21218734228073,2772.39497877285,0.000305330399466189,10.9044489251827,0.00709700654940899,0.00390562163009232,0.00491015864433609,362.413087392911,398.288724356763,1.20051276650696,1.22386191805451,0.00380944255426047,0.00500633772016793,358.978185981479,401.723625768195,1.19827720944389,1.22609747511758,0.00416054320757734,378.688898218219,1.30973935580597,2771.30119517033,NA,NA,NA,NA,NA,NA,NA,NA,NA,NA,NA,NA,NA,NA,NA,NA,NA,NA,NA,NA,NA,NA,NA,NA
"muscle","s. mar","a_regularis",TRUE,"gompertz",FALSE,FALSE,0,0.00319534048598155,269.474974687284,1.47231647342209,3339.47122669861,0.00010900498851454,8.51202986060805,0.00611051869088088,0.00301602727987513,0.00337465369208797,255.472685566584,283.477263807985,1.46226467017559,1.48236827666859,0.00298169070849305,0.00340899026347005,252.791396160493,286.158553214076,1.46033985678797,1.48429309005622,0.00467671033764925,283.241009106964,1.54759050646247,3338.82505520922,NA,NA,NA,NA,NA,NA,NA,NA,NA,NA,NA,NA,NA,NA,NA,NA,NA,NA,NA,NA,NA,NA,NA,NA
"spin","e. coli","a_regularis",TRUE,"richards",FALSE,FALSE,0,0.00242194679019816,402.304939937559,1.50819571670767,3163.11404894987,3.94964123539805e-05,6.54091832555327,0.00348951547741651,0.00235697519187586,0.00248691838852045,391.545129292024,413.064750583094,1.50245546374732,1.51393596966802,0.00234453382198435,0.00249935975841196,389.484740019474,415.125139855643,1.50135626637193,1.5150351670434,0.0025591011000538,352.95330456015,1.52808263036282,3156.6989068308,NA,NA,NA,NA,NA,NA,NA,NA,NA,NA,NA,NA,NA,NA,NA,NA,NA,NA,NA,NA,NA,NA,NA,NA
"muscle","e. coli","a_regularis",TRUE,"logistic",FALSE,FALSE,0,0.00222247098413635,430.736475171239,1.47801493610307,3015.02099610215,3.47246443638909e-05,5.88438094954198,0.00354941849019711,0.00216534894415775,0.00227959302411495,421.056668509242,440.416281833236,1.47217614268669,1.48385372951944,0.00215441068118313,0.00229053128708958,419.203088510137,442.269861832341,1.47105807586228,1.48497179634385,0.00290421594256713,557.635413327947,1.51051054475378,3009.96886196081,NA,NA,NA,NA,NA,NA,NA,NA,NA,NA,NA,NA,NA,NA,NA,NA,NA,NA,NA,NA,NA,NA,NA,NA
"gland","e. coli","a_regularis",TRUE,"logistic",FALSE,FALSE,0,0.00160616893637471,529.613862075885,0.58695694244741,1228.27910743087,8.10985666824416e-05,10.5374476031038,0.00309566519349157,0.00147276179418209,0.00173957607856733,512.279760768779,546.94796338299,0.581864573204117,0.592049311690704,0.00144721574567712,0.00176512212707229,508.960464773801,550.267259377968,0.580889438668167,0.593024446226654,0.00140450194888272,498.398524187397,0.644006006411038,1225.71342207703,NA,NA,NA,NA,NA,NA,NA,NA,NA,NA,NA,NA,NA,NA,NA,NA,NA,NA,NA,NA,NA,NA,NA,NA
"spin","e. coli","a_regularis",TRUE,"richards",FALSE,FALSE,0,0.00191100911013005,369.766697890586,1.08297676231958,2311.31987362359,6.378512434705e-05,11.1859409087041,0.00515141209931876,0.00180608258057915,0.00201593563968095,351.365825095767,388.167570685404,1.07450268941621,1.09145083522296,0.00178599026640983,0.00203602795385027,347.842253709526,391.691142071646,1.07287999460492,1.09307353003425,0.00246850656580716,394.704159733142,1.17644648779723,2310.03184591544,NA,NA,NA,NA,NA,NA,NA,NA,NA,NA,NA,NA,NA,NA,NA,NA,NA,NA,NA,NA,NA,NA,NA,NA
"spin","e. coli","a_regularis",TRUE,"logistic",FALSE,FALSE,0,0.00201725214383765,382.868567447616,1.06359407613037,2294.61569336754,7.94629397391017e-05,11.8185300730142,0.00534664253911622,0.00188653560796682,0.00214796867970847,363.427085477508,402.310049417725,1.05479884915353,1.07238930310722,0.00186150478194901,0.00217299950572629,359.704248504508,406.032886390724,1.05311465675371,1.07407349550704,0.00226451686090331,378.131252291141,1.1703701100637,2290.29618627904,NA,NA,NA,NA,NA,NA,NA,NA,NA,NA,NA,NA,NA,NA,NA,NA,NA,NA,NA,NA,NA,NA,NA,NA
"spin","s. mar","a_regularis",TRUE,"gompertz",FALSE,FALSE,0,0.00363042402488475,256.694858473918,1.63404207073306,3737.29556304429,0.000135458833478892,9.10180084681989,0.00727441503230338,0.00340759424381197,0.00385325380595753,241.722396080899,271.667320866937,1.62207565800492,1.6460084834612,0.00336492471126612,0.00389592333850338,238.855328814151,274.534388133685,1.61978421726975,1.64829992419638,0.00561201732449649,272.744616428535,1.72094536684289,3738.23041146095,NA,NA,NA,NA,NA,NA,NA,NA,NA,NA,NA,NA,NA,NA,NA,NA,NA,NA,NA,NA,NA,NA,NA,NA
"spin","e. coli","a_regularis",TRUE,"richards",FALSE,FALSE,0,0.00155952976573134,358.497552360254,0.924757539389143,1973.25887511598,5.14872913686959e-05,11.6949575649479,0.00446981728029434,0.00147483317142983,0.00164422636003284,339.259347165915,377.735757554593,0.917404689963058,0.932110388815227,0.00145861467464869,0.00166044485681398,335.575435532956,381.419669187552,0.915996697519766,0.933518381258519,0.00180278823604726,362.99911061114,1.00168323063385,1971.56396799369,NA,NA,NA,NA,NA,NA,NA,NA,NA,NA,NA,NA,NA,NA,NA,NA,NA,NA,NA,NA,NA,NA,NA,NA
"gland","s. mar","a_regularis",TRUE,"logistic",FALSE,FALSE,0,0.00418610091257983,377.915408904678,1.1870787792696,2712.75855377867,0.000384349309860335,14.9019090359085,0.00937471609522034,0.00355384629785958,0.00481835552730008,353.401768540608,402.429049268747,1.17165737129296,1.20250018724623,0.00343277626525357,0.00493942555990609,348.707667194297,407.123150615058,1.16870433572296,1.20545322281623,0.00385725868517977,343.720336010689,1.32477456927016,2710.032599314,NA,NA,NA,NA,NA,NA,NA,NA,NA,NA,NA,NA,NA,NA,NA,NA,NA,NA,NA,NA,NA,NA,NA,NA
"spin","e. coli","a_regularis",TRUE,"richards",FALSE,FALSE,0,0.00154366753564048,395.196576926218,0.897570445900591,1888.37422208841,5.13339455725223e-05,11.5788873343089,0.0043485725692172,0.00145922319517368,0.00162811187610728,376.14930726128,414.243846591156,0.890417044024229,0.904723847776954,0.00144305300231834,0.00164428206896262,372.501957750973,417.891196101463,0.889047243664926,0.906093648136257,0.00203465199845352,428.349327519591,0.978296895378311,1887.59571554819,NA,NA,NA,NA,NA,NA,NA,NA,NA,NA,NA,NA,NA,NA,NA,NA,NA,NA,NA,NA,NA,NA,NA,NA
"gland","s. mar","a_regularis",TRUE,"logistic",FALSE,FALSE,0,0.00407013810284468,359.28870990796,1.19359227362176,2744.0598394441,0.00034391919157085,14.180286355431,0.00880890822571605,0.00350439103271063,0.00463588517297873,335.962138853276,382.615280962644,1.17910161959046,1.20808292765306,0.00339605648736581,0.00474421971832354,331.495348651315,387.082071164605,1.17632681349936,1.21085773374417,0.00389398515235499,311.50803250545,1.31311777845026,2743.12376939228,NA,NA,NA,NA,NA,NA,NA,NA,NA,NA,NA,NA,NA,NA,NA,NA,NA,NA,NA,NA,NA,NA,NA,NA
"muscle","s. mar","a_regularis",TRUE,"gompertz",FALSE,FALSE,0,0.00265938587253576,282.360637938061,1.40317521816243,3110.13117398603,8.1991758754309e-05,8.76805300110175,0.00581434081908324,0.00252450942938492,0.00279426231568659,267.937190751249,296.784085124873,1.39361062751504,1.41273980880982,0.00249868202537731,0.0028200897196942,265.175254055902,299.54602182022,1.39177911015703,1.41457132616783,0.00437126930042683,312.642173556398,1.47397146564573,3110.43952359546,NA,NA,NA,NA,NA,NA,NA,NA,NA,NA,NA,NA,NA,NA,NA,NA,NA,NA,NA,NA,NA,NA,NA,NA
"spin","s. mar","a_regularis",TRUE,"gompertz",FALSE,FALSE,0,0.00417878744359234,269.03251300943,1.60384384678533,3710.12954714079,0.000181951769376945,9.09123636642503,0.00751991731967636,0.00387947678296726,0.00447809810421741,254.077429186661,283.987596832199,1.59147358279446,1.6162141107762,0.00382216197561353,0.00453541291157115,251.213689731237,286.851336287623,1.58910480883877,1.6185828847319,0.00658761516128633,293.407678701857,1.70261729056635,3711.80054152025,NA,NA,NA,NA,NA,NA,NA,NA,NA,NA,NA,NA,NA,NA,NA,NA,NA,NA,NA,NA,NA,NA,NA,NA
"spin","e. coli","a_regularis",TRUE,"richards",FALSE,FALSE,0,0.00340975579582805,279.384130923082,1.59285742812336,3627.0268290284,0.000149352049318792,12.077573229074,0.00836703331442508,0.00316407167469864,0.00365543991695746,259.516522961256,299.251738884909,1.57909365832113,1.60662119792559,0.00311702577916322,0.00370248581249288,255.712087394097,303.056174452068,1.57645804282708,1.60925681341963,0.00564594303298631,285.195041065821,1.69516711106326,3623.27117352557,NA,NA,NA,NA,NA,NA,NA,NA,NA,NA,NA,NA,NA,NA,NA,NA,NA,NA,NA,NA,NA,NA,NA,NA
"muscle","s. mar","a_regularis",TRUE,"gompertz",FALSE,FALSE,0,0.0019045152775173,513.841479519497,1.46145784945513,2698.06065322671,3.40728691735238e-05,7.1761253666608,0.0052161553954058,0.00184846540772685,0.00196056514730774,502.03675329134,525.646205747654,1.45287727382969,1.47003842508057,0.00183773245393719,0.0019712981010974,499.776273800842,527.906685238152,1.45123418488014,1.47168151403013,0.00357861350533679,601.356753069167,1.50119265456448,2688.35432711981,NA,NA,NA,NA,NA,NA,NA,NA,NA,NA,NA,NA,NA,NA,NA,NA,NA,NA,NA,NA,NA,NA,NA,NA
"muscle","s. mar","a_regularis",TRUE,"gompertz",FALSE,FALSE,0,0.0031944735794157,269.759376474983,1.53124229159783,3456.18997528704,0.000101603543452651,8.24618725819597,0.0060903422160099,0.00302733575043609,0.00336161140839531,256.194398435251,283.324354514716,1.5212236786525,1.54126090454317,0.0029953306342485,0.00339361652458289,253.596849448919,285.921903501048,1.51930522085445,1.54317936234121,0.00508054629605142,285.742037050553,1.60338219875352,3457.22013834791,NA,NA,NA,NA,NA,NA,NA,NA,NA,NA,NA,NA,NA,NA,NA,NA,NA,NA,NA,NA,NA,NA,NA,NA
"muscle","s. mar","a_regularis",TRUE,"gompertz",FALSE,FALSE,0,0.00314269318364252,297.249137514389,1.50685355654049,3359.59883628773,0.000116698358323914,9.62669559541279,0.00705208503764671,0.00295072438419968,0.00333466198308536,281.413223259935,313.085051768843,1.49525287665356,1.51845423642742,0.00291396440132765,0.00337142196595739,278.38081414738,316.117460881398,1.4930314698667,1.52067564321428,0.0054047265941295,307.987045613828,1.59545483050048,3358.6491856481,NA,NA,NA,NA,NA,NA,NA,NA,NA,NA,NA,NA,NA,NA,NA,NA,NA,NA,NA,NA,NA,NA,NA,NA
"gland","e. coli","a_regularis",TRUE,"richards",FALSE,FALSE,0,0.00332227680597925,557.617533825467,1.37609625079739,2865.33834958429,0.000177672294117636,15.8710013543243,0.00628903451690548,0.00303000588215574,0.00361454772980276,531.509736597603,583.72533105333,1.36575078901708,1.3864417125777,0.00297403910950868,0.00367051450244981,526.510371170991,588.724696479942,1.36376974314425,1.38842275845052,0.00338834371826337,565.16133415927,1.47231785559479,2858.4045312119,NA,NA,NA,NA,NA,NA,NA,NA,NA,NA,NA,NA,NA,NA,NA,NA,NA,NA,NA,NA,NA,NA,NA,NA
"gland","e. coli","a_regularis",TRUE,"richards",FALSE,FALSE,0,0.00309247473215252,506.277014910804,1.43800626995509,3032.75466210878,0.000143573118297312,15.3877872403222,0.00617733136309982,0.00285629695255344,0.0033286525117516,480.964104900474,531.589924921135,1.42784455986279,1.44816798004739,0.00281107142028979,0.00337387804401525,476.116951919773,536.437077901836,1.42589870048342,1.45011383942677,0.00326282703984704,530.813700026983,1.53007810788228,3024.02982340701,NA,NA,NA,NA,NA,NA,NA,NA,NA,NA,NA,NA,NA,NA,NA,NA,NA,NA,NA,NA,NA,NA,NA,NA
"muscle","e. coli","a_regularis",TRUE,"richards",FALSE,FALSE,0,0.000246305541147055,1272.73349630413,0.281877018711984,292.289189954018,6.87577657675003e-06,20.5894706837139,0.00400531457932576,0.000234994888678301,0.000257616193615809,1238.86381702942,1306.60317557884,0.275288276228993,0.288465761194975,0.000232829019056625,0.000259782063237485,1232.37813376405,1313.08885884421,0.274026602136506,0.289727435287463,0.000315411270269377,1342.07267227821,0.288663962147385,296.817585581437,NA,NA,NA,NA,NA,NA,NA,NA,NA,NA,NA,NA,NA,NA,NA,NA,NA,NA,NA,NA,NA,NA,NA,NA
"gland","s. mar","a_regularis",TRUE,"gompertz",FALSE,FALSE,0,0.00423214738068467,370.775254857938,1.20171205487939,2727.25058811817,0.000351961734232887,12.9050601198367,0.00914257320314947,0.00365317032787157,0.00481112443349777,349.546430960807,392.00407875507,1.18667252196021,1.21675158779857,0.00354230238158821,0.00492199237978113,345.481337023058,396.069172692818,1.18379261140122,1.21963149835757,0.00415568712538626,353.190682482093,1.32998605305801,2729.2884102524,NA,NA,NA,NA,NA,NA,NA,NA,NA,NA,NA,NA,NA,NA,NA,NA,NA,NA,NA,NA,NA,NA,NA,NA
"muscle","s. mar","a_regularis",TRUE,"gompertz",FALSE,FALSE,0,0.0028102054952563,351.34956208221,1.44995358011835,3123.60402557161,8.34416809300656e-05,8.255762156785,0.0058086326124172,0.00267294393012634,0.00294746706038626,337.768833334299,364.930290830121,1.44039837947092,1.45950878076577,0.00264665980063337,0.00297375118987923,335.168268254911,367.530855909509,1.43856866019801,1.46133850003868,0.00487716178432714,376.374173665689,1.51571846301144,3122.97694069798,NA,NA,NA,NA,NA,NA,NA,NA,NA,NA,NA,NA,NA,NA,NA,NA,NA,NA,NA,NA,NA,NA,NA,NA
"muscle","e. coli","a_regularis",TRUE,"richards",FALSE,FALSE,0,0.00239521493511865,429.18509509769,1.40693324074534,2917.06926290788,4.90866030066285e-05,7.39230573064318,0.00419819183214728,0.00231446747317274,0.00247596239706455,417.024752170782,441.345438024598,1.40002721518146,1.41383926630922,0.00229900519322565,0.00249142467701164,414.69617586563,443.674014329751,1.39870478475433,1.41516169673635,0.00306470607666631,440.209111531685,1.45402494134719,2920.79019495158,NA,NA,NA,NA,NA,NA,NA,NA,NA,NA,NA,NA,NA,NA,NA,NA,NA,NA,NA,NA,NA,NA,NA,NA
"spin","s. mar","a_regularis",TRUE,"richards",FALSE,FALSE,0,0.00308502686721839,248.209732724015,1.56685928157129,3575.17029421299,0.000114903054812781,10.8624829288152,0.00741610558404474,0.00289601134205136,0.00327404239238541,230.340948306114,266.078517141916,1.55465978788553,1.57905877525704,0.00285981687978534,0.00331023685465144,226.919266183537,269.500199264493,1.55232371462656,1.58139484851601,0.0050583536371171,256.165013659133,1.65504399090597,3571.67195762906,NA,NA,NA,NA,NA,NA,NA,NA,NA,NA,NA,NA,NA,NA,NA,NA,NA,NA,NA,NA,NA,NA,NA,NA
"spin","s. mar","a_regularis",TRUE,"gompertz",FALSE,FALSE,0,0.00304773670643037,235.121857402494,1.5604921497914,3546.67195275691,0.000114961539387987,10.4281658795872,0.00763858083934048,0.00285862497413714,0.00323684843872361,217.967524530573,252.276190274415,1.54792668431069,1.57305761527212,0.00282241208922992,0.00327306132363083,214.682652278503,255.561062526485,1.54552053134629,1.57546376823651,0.00516096943515199,260.48243687113,1.64395050020258,3546.39594160853,NA,NA,NA,NA,NA,NA,NA,NA,NA,NA,NA,NA,NA,NA,NA,NA,NA,NA,NA,NA,NA,NA,NA,NA
"spin","e. coli","a_regularis",TRUE,"richards",FALSE,FALSE,0,0.00222258228834983,375.002489237132,1.42186651909762,2984.31347447178,3.63573527682197e-05,6.39721826325684,0.00357915095452799,0.00216277444304611,0.00228239013365355,364.479065194075,385.52591328019,1.41597881577742,1.42775422241781,0.00215132187692412,0.00229384269977554,362.463941441149,387.541037033116,1.41485138322674,1.42888165496849,0.00245371349766436,350.948740730107,1.45219268195535,2979.81555895797,NA,NA,NA,NA,NA,NA,NA,NA,NA,NA,NA,NA,NA,NA,NA,NA,NA,NA,NA,NA,NA,NA,NA,NA
"muscle","s. mar","a_regularis",TRUE,"logistic",FALSE,FALSE,0,0.0033766364151974,282.517331652023,1.58792899095355,3629.56784155982,0.00014976677113121,11.8917860620145,0.00806813039515072,0.00313027007668656,0.00362300275370825,262.955343580009,302.079319724037,1.57465691645353,1.60120106545357,0.00308309354378023,0.00367017928661458,259.209430970474,305.825232333571,1.57211545537906,1.60374252652805,0.00529223577449849,263.227045089917,1.68977346115222,3621.82790043228,NA,NA,NA,NA,NA,NA,NA,NA,NA,NA,NA,NA,NA,NA,NA,NA,NA,NA,NA,NA,NA,NA,NA,NA
"muscle","e. coli","a_regularis",TRUE,"richards",FALSE,FALSE,0,0.00223917618493485,417.268757650232,1.49552177191392,3043.84307353635,3.38494128975377e-05,6.02232638973601,0.00374448129376498,0.0021834939007184,0.0022948584691513,407.362030739116,427.175484561348,1.48936210018567,1.50168144364216,0.00217283133565568,0.00230552103421402,405.464997926349,429.072517374114,1.48818258857814,1.5028609552497,0.00299125795967334,554.852175649643,1.52995705469774,3039.83603537373,NA,NA,NA,NA,NA,NA,NA,NA,NA,NA,NA,NA,NA,NA,NA,NA,NA,NA,NA,NA,NA,NA,NA,NA
"gland","e. coli","a_regularis",TRUE,"logistic",FALSE,FALSE,0,0.00303219328531686,549.867210419247,1.23010796033261,2524.45376829639,0.000105312472801716,8.03779725370034,0.00480081353352744,0.00285895426755804,0.00320543230307569,536.64503393691,563.089386901585,1.22221062206995,1.23800529859526,0.0028257808386255,0.00323860573200823,534.113127801995,565.6212930365,1.22069836580689,1.23951755485832,0.00327890368353009,566.917964920481,1.30074052142854,2524.68671266147,NA,NA,NA,NA,NA,NA,NA,NA,NA,NA,NA,NA,NA,NA,NA,NA,NA,NA,NA,NA,NA,NA,NA,NA
"gland","s. mar","a_regularis",TRUE,"logistic",FALSE,FALSE,0,0.0038618012175006,396.968535003101,1.18739303234349,2676.64896628489,0.000261969850634273,11.9315312153201,0.00730438584773774,0.00343086081320723,0.00429274162179398,377.341166153899,416.595903852302,1.17537731762396,1.19940874706302,0.00334834031025743,0.00437526212474378,373.582733821073,420.354336185128,1.17307643608192,1.20170962860505,0.00349357752604274,388.518579871403,1.29223748967961,2674.32711668838,NA,NA,NA,NA,NA,NA,NA,NA,NA,NA,NA,NA,NA,NA,NA,NA,NA,NA,NA,NA,NA,NA,NA,NA
"muscle","e. coli","a_regularis",TRUE,"richards",FALSE,FALSE,0,0.00230266302645476,396.634299652592,1.54887217774454,3164.17001183704,3.09965001985045e-05,5.17241473371564,0.00352922006008485,0.00225167378362822,0.0023536522692813,388.12567741563,405.142921889554,1.5430666107457,1.55467774474338,0.00224190988606569,0.00236341616684383,386.49636677451,406.772232530675,1.54195490642677,1.55578944906231,0.00298464955879039,534.833959665815,1.58046058236881,3160.739863962,NA,NA,NA,NA,NA,NA,NA,NA,NA,NA,NA,NA,NA,NA,NA,NA,NA,NA,NA,NA,NA,NA,NA,NA
"spin","s. mar","a_regularis",TRUE,"richards",FALSE,FALSE,0,0.0036358069402628,258.003254559456,1.56857808492835,3620.42546847673,0.000138480280168373,9.04401545681463,0.00675831349062669,0.00340800687938582,0.00386360700113977,243.125849132996,272.880659985916,1.55746065923627,1.57969551062044,0.00336438559113278,0.00390722828939281,240.276984264099,275.729524854813,1.55533179048673,1.58182437936998,0.00501805492810459,267.040338831463,1.65206826065385,3618.77141486742,NA,NA,NA,NA,NA,NA,NA,NA,NA,NA,NA,NA,NA,NA,NA,NA,NA,NA,NA,NA,NA,NA,NA,NA
"spin","s. mar","a_regularis",TRUE,"richards",FALSE,FALSE,0,0.00302646808732765,287.651310612433,1.53654453765749,3442.92628439036,0.000100226422435846,9.54991794554643,0.0065550081682083,0.00286159562242068,0.00319134055223462,271.941695592009,303.360925632857,1.52576154922079,1.54732752609419,0.00283002429935339,0.00322291187530191,268.933471439162,306.369149785704,1.5236967216478,1.54939235366718,0.00441344077105119,292.669831878979,1.61430615256835,3440.00881891136,NA,NA,NA,NA,NA,NA,NA,NA,NA,NA,NA,NA,NA,NA,NA,NA,NA,NA,NA,NA,NA,NA,NA,NA
"gland","e. coli","a_regularis",TRUE,"richards",FALSE,FALSE,0,0.00172012309088864,555.864331805753,0.697502679549781,1421.08147350684,6.47106952895703e-05,9.21466725791816,0.00305986774659472,0.0016136739971373,0.00182657218463999,540.706204166477,571.022459445028,0.692469197106633,0.702536161992929,0.00159329012812109,0.0018469560536562,537.803583980233,573.925079631272,0.691505338766455,0.703500020333107,0.00153446186051148,532.103849233477,0.747417647474582,1419.11858870653,NA,NA,NA,NA,NA,NA,NA,NA,NA,NA,NA,NA,NA,NA,NA,NA,NA,NA,NA,NA,NA,NA,NA,NA
"muscle","e. coli","a_regularis",TRUE,"richards",FALSE,FALSE,0,0.00263441352844384,425.738405938366,1.50907290264064,3132.19710423662,5.41688507947952e-05,6.98021955704668,0.00454087090937185,0.0025453057688864,0.00272352128800128,414.255944767025,437.220867109708,1.50160316999473,1.51654263528656,0.00252824258088604,0.00274058447600164,412.057175606555,439.419636270178,1.50017279565828,1.51797300962301,0.00397264425477203,463.849673636585,1.56015228244925,3130.22990449995,NA,NA,NA,NA,NA,NA,NA,NA,NA,NA,NA,NA,NA,NA,NA,NA,NA,NA,NA,NA,NA,NA,NA,NA
"gland","e. coli","a_regularis",TRUE,"richards",FALSE,FALSE,0,0.00327635494155523,565.946014000537,1.20178411894927,2484.70127372149,0.00016935515155977,12.553412550806,0.00607249437273792,0.00299776571723941,0.00355494416587105,545.295650354461,586.596377646613,1.19179486570611,1.21177337219242,0.00294441884449808,0.00360829103861238,541.341325400957,590.550702600117,1.1898820299787,1.21368620791983,0.00345366425167229,576.042409350453,1.3019284804189,2481.19498687616,NA,NA,NA,NA,NA,NA,NA,NA,NA,NA,NA,NA,NA,NA,NA,NA,NA,NA,NA,NA,NA,NA,NA,NA
"muscle","e. coli","a_regularis",TRUE,"logistic",FALSE,FALSE,0,0.00244657858964043,413.257522835523,1.58056775632645,3266.84562496905,5.06015714912528e-05,7.5731917099339,0.00488267392192589,0.00236333900453732,0.00252981817474354,400.799622472682,425.715423198365,1.57253575772488,1.58859975492802,0.00234739950951757,0.00254575766976328,398.414067084053,428.100978586994,1.57099771543947,1.59013779721342,0.00371844532878626,610.979608488983,1.62955969716229,3261.52039795268,NA,NA,NA,NA,NA,NA,NA,NA,NA,NA,NA,NA,NA,NA,NA,NA,NA,NA,NA,NA,NA,NA,NA,NA
"muscle","s. mar","a_regularis",TRUE,"gompertz",FALSE,FALSE,0,0.00311927944867955,274.519138539345,1.48550483638861,3348.56329465306,0.00012263891765584,10.128745766103,0.00727999997917584,0.0029175384291357,0.00332102046822341,257.857351754106,291.180925324585,1.47352923642286,1.49748043635435,0.00287890717007411,0.003359651727285,254.666796837783,294.371480240907,1.47123603642942,1.49977363634779,0.00523010694597924,291.116228307657,1.57590051831191,3348.55118268864,NA,NA,NA,NA,NA,NA,NA,NA,NA,NA,NA,NA,NA,NA,NA,NA,NA,NA,NA,NA,NA,NA,NA,NA
"muscle","e. coli","a_regularis",TRUE,"logistic",FALSE,FALSE,0,0.0018062376737491,385.187198717486,0.947068246380086,2042.44540128892,0.00010218060954156,16.8800801324595,0.00681592536132604,0.00163815057105324,0.00197432477644497,357.41946689959,412.954930535382,0.935856049160704,0.958280443599467,0.00160596367904764,0.00200651166845056,352.102241657866,418.272155777107,0.933709032671887,0.960427460088285,0.00209017016315328,365.305936603388,1.08336590852431,2038.02605849705,NA,NA,NA,NA,NA,NA,NA,NA,NA,NA,NA,NA,NA,NA,NA,NA,NA,NA,NA,NA,NA,NA,NA,NA
